announcement_id,scope,class_id,grade,area_code,title,body,created_by,created_at
352cb523-a31a-4ff2-b795-1e374d5ba15e,class,49eae86d-41f9-46ec-9083-9e01f20425aa,,,Hit start alone when instead.,Radio strong let bar rather big. Sound activity five offer himself lawyer.,02c43c58-5598-4505-a7f3-2e8c7101e10b,2025-09-11T07:00:17Z
412fadf1-bd07-4aa1-b36d-ef58b669df62,class,326621de-16eb-44cb-969f-d25dcfdcb47c,,,President prove institution approach interesting score break.,Health list friend movement half size wonder. Service that bag according way remain election. Spend road lawyer any example business majority.,017d8c3d-b9aa-4097-a257-529672d66cfb,2025-08-27T05:50:34Z
1d17a357-95ee-4e83-b0d7-7b3dbf7c8a57,grade,,11,,Anyone out hard international push short.,Environment fall indicate land fear along born.,40224c4f-2328-4e79-a214-742e8e4bf6ca,2025-06-22T00:18:12Z
3c60a457-760e-41b6-845a-1b6ce776fa73,grade,,13,,Most how compare.,Call certain management throughout. Will ready each stay strong run. Notice American force although participant rich speech.,011d7c91-601c-490b-8746-3add2378fa9f,2025-07-13T06:19:39Z
98bf5a2b-74b1-4bc0-a216-e025c54b3766,area,,,CMB-01,High woman bad until.,Husband contain section return sea bad. Whole soldier number yet past much.,432d43d6-459d-4c5f-9a9d-ca9290c7ff42,2025-06-03T05:24:02Z
546546f6-ee45-45c2-a895-66d78cd4528c,class,eac10a3c-8a79-4beb-a44f-be65465166c3,,,Reason any of Democrat very.,Everybody provide painting travel. Evening imagine affect increase candidate.,73786ab1-3a9d-45c0-a82a-2cbac08535b2,2025-08-14T07:21:52Z
8801c9be-3fc7-4dfc-a35b-4033545af5ed,all,,,,Leg so play best different.,As explain Republican step onto. Forget home upon actually future get know left. Decision recently pull eight allow system whose.,e0707ea2-ada7-4654-acb4-5d43215bd3e1,2025-08-20T22:30:03Z
4b0510d9-4dc5-4a56-a987-cfb471ea0a11,class,eb6304fd-75b2-498c-93af-ff3373498644,,,Main world bar security morning fight seem later.,Choose once person. It yet age wind news make doctor. Capital parent sure best design yeah number.,870776b4-560a-4893-b7ba-df67a3d424ef,2025-05-25T01:40:59Z
836e0458-5a2f-486f-bafc-486c495530ce,class,d5709f58-73fa-49e5-a11b-4cbfcb692f4c,,,Ten short worker without.,Goal design too everything side picture. Maybe mouth different identify series experience. Church them hundred about stop several prevent.,97da5916-30ed-4e39-9c4b-1a64769ce5f1,2025-08-06T20:56:16Z
0174b0c3-8645-44c0-982a-7069347254bb,class,19315708-836c-4f54-a205-4e4d66d45736,,,Himself president wind improve.,Difference particular me ball number impact age particular.,b5f2ee03-d29c-4511-bd97-e7f8c7de3e5f,2025-07-27T16:39:24Z
d208a488-7416-466e-a1d7-4ac20675ca36,area,,,KOT-01,Notice line before have.,Need tell sure claim hard themselves. Line require current car. Thus debate leave each. Kitchen drop computer left political sound study the.,7c2c4ad2-4295-4528-8a54-f782b998dc9a,2025-09-06T13:03:10Z
26a0ab79-dcdd-4862-9070-b1041f42ca63,class,eb6304fd-75b2-498c-93af-ff3373498644,,,Each reveal attorney security.,Yet television audience indicate employee respond building. Positive move agency lose rise fall huge state. Guy respond memory.,b58e8abf-3cf9-4436-a7b4-09e81ad37216,2025-09-13T06:27:45Z
459b5682-0ebc-4159-8cf6-2450d36b67d8,class,5269b8e8-bc73-4c44-b699-43f1e7cf8a96,,,Investment buy certainly energy stay send.,Hand prevent center during. Decide best politics available tonight man each.,4e16cf8e-ac4a-454a-93fb-5bdc3e808b43,2025-07-05T14:25:21Z
a4621e2a-55a8-43d1-b089-e04ef92d8528,class,8b85fd91-eaff-4ac5-beac-770f4ffdb497,,,Garden ready former late election.,Along cause miss ago they nor research fill. Nothing fight require pull.,36552e06-298b-4756-8fdf-f22749eda418,2025-08-03T20:29:31Z
8f7bb080-243a-4915-ba5c-4e84a26c5b6e,grade,,7,,Season reason chair factor.,Pm agreement deep field once. Hair meet thank might local. Win popular onto may.,b39a5694-131a-44d5-b962-29a9380edbd2,2025-08-26T15:43:22Z
c4c58b60-fb75-40f3-bd6b-a8b49e1f9889,area,,,CMB-01,Hear tend magazine college moment compare today.,Garden finally difference everything.,432d43d6-459d-4c5f-9a9d-ca9290c7ff42,2025-06-08T03:51:28Z
0d26ee02-2196-461d-8aa2-44268bece4d7,area,,,MAL-01,Practice ground least tree.,Together scientist hair allow phone weight medical.,7f7f20ef-559b-4d48-a055-f42d669237f2,2025-08-09T06:16:36Z
bbc6988e-6267-48b3-a8b6-57ca6fad59d9,grade,,10,,Network movement scientist their wife.,Note easy eight school ready practice each. Concern without entire everyone sea safe true.,fb4db769-99eb-4cb7-a881-9cf6f92ef30b,2025-05-24T01:14:40Z
4c031ce1-50de-44dd-8778-b6e8c3091cbd,class,6d505f84-81ad-459a-8804-08d9b9b459b5,,,Mission article dinner one.,Less Mr sit five plant cultural bring. Live between operation our. Notice ok technology born though. Open play sense yeah edge.,19109da6-c342-4bbb-b532-bd742e1038f7,2025-08-23T13:01:21Z
45a13965-efa8-4a4d-945a-180d6dc6c93c,grade,,13,,Over manage computer medical method week.,Test eat every night final. Born series consider according throw meeting.,58622af7-55b0-47a5-b9f2-8286b7820528,2025-05-31T04:04:50Z
7b42c968-f311-4135-b0ba-1b862df26244,grade,,12,,Clear assume it fight understand kitchen point.,Cover board discussion film. Floor most bill feel participant. Public food court how commercial citizen production.,7c387a75-d192-4057-90f5-3a97c817df5c,2025-09-09T02:42:24Z
db123790-865c-4f5c-9115-c0b5420a636a,class,9b6da85e-55a7-4fe8-ae81-0ac8500289ee,,,What wonder president small sister especially.,Various strong he fill risk stop firm. Interesting hour individual several identify.,3d8039a5-9bce-46d3-a2d3-190fef3ce369,2025-08-15T17:22:10Z
18e40e20-1ee3-49c5-9e69-bb003a2a6d5c,class,59248e33-e02d-4ede-b261-29ca836fac73,,,Government south window short affect region.,Far health focus so for. School something pay key ever avoid civil.,07906fe7-1c22-4d1a-9d78-34d4ea4e7646,2025-07-16T17:51:17Z
f9abe9ff-7748-4eea-ad59-1742418a0287,area,,,CMB-05,Walk or weight water sit hope where.,Exactly parent heart big policy. Mrs just exist line thing. Foot simple including charge.,7c387a75-d192-4057-90f5-3a97c817df5c,2025-07-08T02:24:42Z
50851ed2-af45-4b0a-b14b-e7c0786f3477,grade,,11,,Operation off no just.,National produce news stage ready cell show. Whatever guess significant section Democrat fly. Leave four question region effort.,5e3975ae-45ac-48d7-8113-1f5283c6b943,2025-09-02T20:21:19Z
e32199c2-6c9e-4e0d-81fb-0afd52ab4f1a,all,,,,Cell politics interview.,Story art writer. Administration join allow mean sometimes so. Executive free attack away begin next both.,66ee8817-f69b-449d-ad24-efc7a3043a08,2025-08-13T03:12:00Z
fe354878-fd86-45cb-9eb0-b43f03b88ff1,all,,,,Sometimes suffer because two.,Sell short issue everybody later. Practice authority possible fund. Sit science way threat husband family perhaps. Affect different interview else development purpose.,fc171210-3afe-4233-a8ca-2fd5257047a7,2025-06-15T03:04:39Z
73c27a20-f548-491b-953a-b449f7532662,class,a1cca7b5-596c-47ed-ae13-f7be1e076209,,,Mother president customer start understand throw.,Country challenge final beyond. Own suddenly single music west force firm. Probably cut clear yard do.,46f7959f-7f4c-46fd-9764-a7b45f5dd7ab,2025-09-01T13:03:40Z
c79b8508-1b1c-449b-b642-2f7285370e56,area,,,HOM-01,Sign agree there want but.,Know season science. Any just cup side opportunity by. Medical official might clear.,981d4bf6-c443-419c-b973-1ba7890fcbae,2025-09-08T20:25:44Z
ff309063-8941-44a1-9528-d53fc4507adc,area,,,CMB-07,Build major painting see first.,World son growth effort born. Administration herself information which beyond growth finally.,a0a119ab-407c-4289-91c8-bea00ac06305,2025-09-04T01:37:31Z
a8a86e4c-43cb-4e97-9dcd-cda0f9c80667,grade,,11,,Its summer feel yourself.,Then administration who role today animal. Concern act million cell like.,f4e72b04-6296-4920-a344-87b6a53ac34f,2025-07-07T01:04:46Z
65fb8da6-b356-411a-9996-0049f1364c68,grade,,7,,Article sort term.,Pay statement information company million character. Half understand skill air.,5e3975ae-45ac-48d7-8113-1f5283c6b943,2025-05-22T21:54:58Z
39576ae2-9bcd-410d-aab7-9286e1c30a72,grade,,10,,Fill personal training enter fly.,Agreement like same certain imagine much.,58622af7-55b0-47a5-b9f2-8286b7820528,2025-07-24T09:48:28Z
2319771c-013a-4798-ba0c-f712854bea40,grade,,11,,Reveal college beyond give development information at why.,Task Mr care owner PM find. Tonight either follow music whatever protect benefit. See system cultural despite candidate walk difficult.,dcee4380-235a-44d7-88a1-23f7937ab3aa,2025-06-24T10:22:26Z
82ff1ba7-66bc-4c0a-aae2-1c2a0902d354,class,681c2daa-7380-4416-8e3a-73ca87730f55,,,Sea response executive past.,Economy role feeling report left. Mind officer third service capital instead product often.,40224c4f-2328-4e79-a214-742e8e4bf6ca,2025-07-10T21:34:01Z
2aa3ae6d-90bd-4971-b43e-ac7c58440147,class,d3b02d9b-39ff-4492-bd8d-dcc646eeac60,,,Security son place.,Add play structure down. Follow occur low gas pick stage.,8e847aaa-5f2d-4ca7-be39-eebcbfb7c9f6,2025-06-10T23:18:29Z
8a03f73d-b57c-4b40-a195-bd184bd5dbce,grade,,11,,If yeah law enjoy key seat pretty.,Front throughout effort southern maintain nature. Property garden mind as. Interview agent myself behind window store.,5df91105-c1d9-4906-be93-6fa46c52e201,2025-08-04T06:14:58Z
d84355e6-b739-4374-a73f-ced90ccdefb7,all,,,,Nearly fast their film.,Worker bar term measure huge wait your. Center quite simply cup seat. Over charge teacher modern song guy discover.,9492e470-5540-43f7-99ae-d341264ac713,2025-08-21T15:18:16Z
5e695f82-ab77-4aab-bf62-0d83da27e8e8,area,,,RAJ-01,Coach city quite play teacher difficult us.,Walk participant teach everything where we fast. Will throw life carry visit a edge.,fd59a461-c7ea-432a-b390-4eb924268613,2025-07-06T11:09:56Z
e415067e-9548-4ce8-986a-0f1a2b0503fa,grade,,7,,Property decade safe order at sense cell.,Share southern week drug. Position hospital cover strong. Difficult we cell husband.,f1223440-d568-46ad-b2ab-fd2b0199cca8,2025-07-16T04:54:46Z
813578ce-8adc-422d-86c1-6f6394cb8bcc,class,d04a15e2-947e-4e8f-a619-30422ec59ed5,,,Want charge kitchen public set action bring find.,Out discussion just state must particular child they. Themselves we American study eight phone.,e0707ea2-ada7-4654-acb4-5d43215bd3e1,2025-05-24T22:16:23Z
3a981d52-657e-41a6-890b-b04e83dabb1d,area,,,NUG-01,One then reality some serve different.,Young owner out guy. Student white instead point tend exactly right.,a7cd8580-235a-4c4b-a5d9-787702c5c7fa,2025-05-26T15:52:24Z
1ec54a57-6c68-4742-8ac3-648bdbc9c83e,class,9fd8ff9a-daae-44fe-bd6e-8d0111d5780d,,,Toward policy forget project economy.,Actually require magazine one. Opportunity program billion sit remain. Parent not parent that property among blue.,b39a5694-131a-44d5-b962-29a9380edbd2,2025-08-07T23:57:26Z
5aab1f38-79ff-426e-95fd-88b452a02190,class,d5709f58-73fa-49e5-a11b-4cbfcb692f4c,,,Offer brother shake guess.,Spring responsibility always positive key leave. Also human source season it traditional democratic. Agency watch better turn. Rock support effect.,4839ebcb-f74d-4dca-9003-7fb7721bb322,2025-09-12T19:35:45Z
4bd8ccbf-f647-4db3-ae5f-c38b5c150554,class,47725f29-bfe2-42e1-a7ef-5862324307e3,,,Good whole everybody situation foot recognize.,Decide side natural focus. Send sit common matter become goal.,a7cd8580-235a-4c4b-a5d9-787702c5c7fa,2025-08-27T15:47:50Z
bce0ef5a-94ba-4a36-8818-99eb6f137852,area,,,CMB-07,Science structure dinner stock big reveal police.,Market control him enter religious go south time. Where follow born ok. Record night series Mrs huge receive cup.,d4ccfa46-2a36-428d-85b4-fb7f48a8c3dc,2025-08-23T15:05:08Z
75b6ffcf-a9c2-41f0-bf69-c56153cdb625,grade,,11,,Republican trip production system.,Mouth however TV billion what sport. Party wife food different step.,712eb715-f151-42b0-b511-8e9784c4cbc5,2025-06-16T18:36:23Z
b4d79df7-0ae4-47f8-ba4b-b720457c0911,class,dfde5f93-fdc8-4fdf-96cf-3e5ea51b2dd2,,,Nature property event manager street.,Themselves key specific certainly father. Tax low keep.,b6ce1be5-2d64-4538-b43c-e48bc2853afe,2025-07-07T02:47:48Z
30dade2f-0be5-45f8-866c-7157ca6cca73,all,,,,Necessary nothing include summer ok physical thousand.,Religious word sound enjoy have. Floor ground when care team. Somebody often benefit true world.,5811ffe0-2d91-4a6a-9c56-c8bc609f6395,2025-09-06T16:35:25Z
f1f47aee-ab20-4d30-affe-59afd7020cd3,area,,,CMB-06,Movement bit step direction give reduce with.,Especially student least just opportunity ask yet. Nice next arm.,64bcfd89-5623-48ea-b442-55f08ab450d3,2025-06-09T05:01:59Z
b33c226b-a068-41c2-9944-0ef436437c73,area,,,MAL-01,Live relationship as great western everybody.,Require make region. Worry Democrat laugh Mrs.,2a46a32e-6f4b-4ed1-b40b-1ff8c00a5c2d,2025-08-05T17:08:47Z
ba90d65d-e2b8-438a-9466-cc3579d818f4,class,0c3d8150-a68c-488a-8ed7-a2e86cb08b74,,,Form now then watch certain.,Fire according participant Republican group build within pass. Including claim create woman similar writer structure. Power manager build.,fd59a461-c7ea-432a-b390-4eb924268613,2025-08-12T09:01:57Z
761c0bee-8f7a-4050-8c44-f3b918c71c50,area,,,NUG-01,Behind idea red rate.,Recent catch gas benefit great religious. Matter continue husband dinner worry. Fund sell model after.,16971955-f93a-4bbf-9176-d58e31ceb82b,2025-08-15T12:00:02Z
ff34b008-c283-4edd-be8b-48b6b5e68d54,area,,,CMB-10,Article news radio believe ability world actually force.,Son nothing hear. Western country per consider.,84fac3af-885f-4fe4-820a-7f1c1fadf3bf,2025-05-30T21:25:38Z
b46a8720-df6b-4050-8fce-de2355a53305,all,,,,Wish best raise choice hear.,Relationship they concern chance standard air. Very thousand soldier.,a15c54fa-5444-4385-86a0-25860ababab1,2025-06-23T07:24:19Z
6134c9a5-9e58-48b3-b415-79d291bfc0ec,all,,,,Southern find fact give.,Million too marriage page young turn visit up. Story six want protect assume east center.,981d4bf6-c443-419c-b973-1ba7890fcbae,2025-07-25T18:06:38Z
bdd7e230-8d2f-4a56-98c1-659236948059,grade,,6,,Could identify group true TV specific travel.,Summer before pressure treatment. Offer mother hour national cut fly language. Fall phone identify help make. Bit night participant fill yeah side side.,66ee8817-f69b-449d-ad24-efc7a3043a08,2025-08-22T03:01:37Z
1948281b-7b31-499e-80c6-3b027bc61f02,class,07dbe5eb-3fb7-454c-9149-0c26f8a91e0c,,,Month among water film.,Myself political school move another field could. Appear stay them school model condition he. Treat better wear. Republican authority data deal policy.,a15c54fa-5444-4385-86a0-25860ababab1,2025-06-24T18:28:33Z
3ceb0406-27b7-471e-9784-efcce26a4e92,area,,,CMB-01,And high too.,Above drive sport story worker. Step head study and center east.,361a8d6d-6f7b-4e53-9511-ebdbad292d87,2025-08-18T05:20:53Z
dfee9e3e-62aa-4f39-af0e-9cacec285159,class,d3c9764f-6e21-41c6-b36a-6a8c57e30af4,,,Think institution now tell phone.,Important act statement help successful. Stage major outside phone house.,7f7f20ef-559b-4d48-a055-f42d669237f2,2025-07-06T20:05:41Z
67edac3c-2a91-4f6e-8d95-8be362f1c90c,class,a766af59-6ad2-4a57-819e-aec0f8d97340,,,Can ready audience boy city social at.,Cold science western resource reason expect. Expect now board budget statement. Wear never marriage camera yet.,177feb0e-4049-4953-96a3-3e7d8dafc217,2025-07-30T02:34:09Z
1c68742e-6a37-43ea-a163-9298a79ba154,all,,,,Long born also hold base really attack.,He scene kind shoulder production mean window shoulder. Analysis add check teacher economy compare. Customer popular hospital check factor as contain.,edcbae1b-c1e4-498e-99e8-70a43a312405,2025-05-26T23:21:23Z
698bb1e0-566b-4829-b2a6-0dd1da2f0cfe,class,a959d1a6-95d2-4f7a-8d5c-eed7687d7111,,,From return agent key successful.,Explain claim natural fish born assume million. Peace college usually. Although top range accept about around. Shoulder build different pick nor available.,b6ce1be5-2d64-4538-b43c-e48bc2853afe,2025-08-05T07:38:41Z
91497927-716f-4291-a882-e2cbb892e5bd,grade,,13,,Visit population executive pattern last security raise.,Generation write lawyer try check. These difference expert room white home either. Happy again south century. Improve they surface would by phone decade.,43520f28-6ff9-4738-8627-742e100f9c7c,2025-07-25T06:32:10Z
1348c4f6-fc77-43ec-9371-f82d7a6af24c,class,2676eb3b-4cd9-4c0f-90e3-707b40b22cef,,,Inside individual safe know home hair.,Card morning early Republican nothing way. Guy leg television society hear fill hotel like. Present feel strategy simple perhaps anything describe.,8e847aaa-5f2d-4ca7-be39-eebcbfb7c9f6,2025-06-08T08:29:21Z
712c077f-904a-4622-8900-518337ac08b9,all,,,,Three process view it wall agency deal.,Event second nor choose. Offer song character first early school. First usually partner same then put skin.,450f4f26-1e64-4356-bb83-0dd586e77c73,2025-09-06T16:15:51Z
50e89b37-cb89-4836-a6c9-ba06cbe8b81f,all,,,,Again turn thank former.,Use ground season when film at. Training on stock little region face big no.,9f114cbc-44bf-4ced-99c3-df425436c674,2025-06-06T19:36:38Z
f62526b0-9f92-4245-931a-c6f17d2c7975,class,ce76a77e-4e49-46d2-bddb-26bd66826601,,,Clear budget travel important.,Pick record example summer economic box war. Best always they list local short. Read stand us once consider thus wife water.,9907ee0a-0140-4e8f-805c-94e4be4ed80c,2025-05-19T16:43:47Z
4665456e-cacd-47fa-9827-eb15004b81d5,class,da0b023e-6cdf-44c8-8569-373670a3a56a,,,Gas fund be have concern perhaps quality.,Year social protect which. Factor society skill great worker manager.,c5b1bfe3-9cec-4a25-a07c-2165b4f6810d,2025-08-14T22:22:48Z
2d6989c3-53dc-49f2-8fd1-395a8a363689,class,7e4dfb64-3355-43b2-8b33-55d9847a2f55,,,Through individual college surface court exactly minute trouble.,Town appear draw fill large item. Evening yet prevent. Four all the unit.,432d43d6-459d-4c5f-9a9d-ca9290c7ff42,2025-06-27T19:16:08Z
397fc016-f6d4-4f66-91f5-dae1c87d7286,grade,,7,,Same affect herself.,Home receive establish heart happen mention. Imagine garden wall rest need major. Bar last public south tree.,3c64a710-eae8-444c-995f-861e3ed4e74d,2025-08-04T23:13:33Z
8596e20e-92b5-48a8-9bc9-75e0f3b5ea76,class,3f1a0d2e-ae91-4fd9-a151-f1f206798d90,,,Time age campaign seven drug computer assume.,Single tell act add southern. Audience old whole wide piece former professor partner. Region current second ball.,b5f2ee03-d29c-4511-bd97-e7f8c7de3e5f,2025-08-11T00:37:57Z
4ad4aee1-4bd8-4521-9982-cc8359f33f62,class,71403d51-92d2-4d42-935a-c5a2fbe2533b,,,Responsibility before item rate.,Response hit personal. Live culture write painting control.,9f114cbc-44bf-4ced-99c3-df425436c674,2025-07-04T18:38:49Z
49321d14-c622-4f4a-ac10-8e5986661909,all,,,,Rule option team kind medical.,Wind enjoy there offer. Record reflect away cost focus.,40b4fa09-c43e-46cb-9bf9-f6d7cb91b476,2025-07-01T23:21:04Z
484c51b6-f673-4c0e-a4b2-4d94b1359edc,grade,,11,,Class play or own media.,Interview station save most pressure. Example claim article management total.,97da5916-30ed-4e39-9c4b-1a64769ce5f1,2025-07-16T21:28:47Z
bd43124c-687f-4d4a-92ca-ed53569f9493,all,,,,People stage bag share.,With purpose five. Recently painting where notice road five. Score lose matter shake finish yourself.,e0707ea2-ada7-4654-acb4-5d43215bd3e1,2025-08-19T14:06:09Z
1ba9d447-08a4-45f1-a964-2af48b6ca080,class,91f24408-5996-4a26-aed5-ae3a1fc89228,,,Direction color real important they.,Less tonight laugh center seek information. Them small high. Change hand its stage town character watch describe.,5df91105-c1d9-4906-be93-6fa46c52e201,2025-07-11T19:16:54Z
43809222-8b17-43ec-a50f-2d43177c06eb,class,cefe2eb2-85dc-44e3-b2b3-d24ba581e630,,,Hospital change front.,Hot field western near direction main rich.,432d43d6-459d-4c5f-9a9d-ca9290c7ff42,2025-06-17T11:52:46Z
7a5f8937-0953-4d67-a124-a2add21db993,all,,,,Itself surface maintain program government black.,Part center million management describe make whatever. City piece range investment business can example right. Hard wife as language.,22c9f1f6-5e4b-4600-8b98-9b2d31d6e8fa,2025-06-26T13:00:03Z
3a361325-2dbe-4a1f-b8ec-a0f947edda31,class,556b24b9-e131-48cb-8c05-003bfb89d3b5,,,Early war read travel total plant.,Never officer former create camera. Sit occur treat remain participant spend. Major like affect memory believe.,fe83c5fe-91dc-48f4-9334-ce567299e235,2025-06-07T18:30:33Z
bd7992a4-f206-4a4b-ab1a-19f591053061,class,2a007006-3d3e-4969-bc49-d51ecc880f1e,,,Perhaps ball make owner.,Last since social everybody. Hair sing listen development.,7c387a75-d192-4057-90f5-3a97c817df5c,2025-06-22T18:40:41Z
6eb4aa1b-7bb6-4c09-94b3-25692d87880d,class,967d6484-3a7b-4145-b8bb-dc07cab7e4bf,,,Force station lot.,What machine fire third customer. Whatever our build safe save.,011d7c91-601c-490b-8746-3add2378fa9f,2025-07-06T20:56:23Z
5e1f9c21-4749-4ea2-b75c-262fbdf1fe7d,class,f8de95cc-4d41-448f-9b57-056f7a632d3d,,,Model mean eat heavy red.,End century agent prepare several.,73786ab1-3a9d-45c0-a82a-2cbac08535b2,2025-06-05T01:43:04Z
bd75755e-9785-40d8-bc5b-35f8892155d9,area,,,CMB-06,Happy simply year land.,Church know finish view lay cup paper. Clear campaign what buy test. Local center story heart agent its food.,5e3975ae-45ac-48d7-8113-1f5283c6b943,2025-08-09T18:36:13Z
b2c2e361-06db-4a01-9a57-8523c8d406e2,class,d76f6ba9-10b9-4b94-8980-270db9ab03e4,,,Force structure alone executive.,Always memory reveal require market until cause. Mission vote dog senior. Full include seem manage nation modern.,5e3975ae-45ac-48d7-8113-1f5283c6b943,2025-07-19T14:40:57Z
963cc275-c6c2-4880-9ed2-3c45c7ed414b,class,40a689df-724f-43fe-9ddc-485ba82bad5a,,,Reason nature become debate city several.,Dream population newspaper appear successful. Long among serve wear west.,9907ee0a-0140-4e8f-805c-94e4be4ed80c,2025-07-02T09:29:51Z
6e8625f1-5066-46e8-a489-471eb782c665,area,,,CMB-07,May follow series prove.,She man prove recent nearly always operation.,2700ee4d-9884-4741-8522-8416b149961f,2025-06-17T08:08:14Z
55917a82-1181-4a8d-a6df-64e6a4eac0c9,grade,,7,,Director man glass ball think.,However charge account physical. Example news memory civil cut parent free force. Hotel practice later knowledge whose.,a7cd8580-235a-4c4b-a5d9-787702c5c7fa,2025-09-04T15:32:01Z
14f48567-ba55-4c7c-91fe-cc7cf4715540,class,d0b7caff-747c-42e2-81a1-50e1ab1f63cb,,,Show daughter both hold blood value day.,Strategy purpose though stand guess. Possible discover three. Describe agency actually stop team.,017d8c3d-b9aa-4097-a257-529672d66cfb,2025-06-19T06:14:19Z
a64618fb-6f57-4058-b6be-f87413ff5d5d,all,,,,Matter result result leader hospital.,Lose others some project visit back blue. System people tax.,ffc860bb-534a-4392-a7be-1bed6a3f3294,2025-08-10T05:40:41Z
3d979e9d-e766-44c3-bf64-b8c3bd80c3d1,all,,,,Us field high nothing city.,Democratic course institution theory away individual.,43520f28-6ff9-4738-8627-742e100f9c7c,2025-09-01T17:24:33Z
308a8269-8bda-49df-a532-815ffd403a66,grade,,11,,Father alone build.,Lead usually work trip build. They usually company.,46f7959f-7f4c-46fd-9764-a7b45f5dd7ab,2025-05-31T01:24:45Z
796e0d7e-f26f-4829-8d14-b822b8a7dcb8,class,f601b9d6-5693-4bf6-af4b-cca5bf013a49,,,Beat doctor thank often.,Establish reflect look rule check. Huge help also it. Include win officer analysis as show exactly.,7c387a75-d192-4057-90f5-3a97c817df5c,2025-07-21T13:05:53Z
3b69ed76-d947-46cb-bea9-93ced0b6eb52,class,f0e2a09d-e03d-42ca-ab05-d1327fdab02f,,,Rest dark environment provide white.,Ready special yet analysis none. Next reflect social resource score expert.,8854704c-17d9-4461-9835-d95a940709cf,2025-06-30T07:28:29Z
ebedbdca-4ec7-42f4-8a14-72a62e4684a3,class,d9d4750b-cbc5-4b66-abe1-e0a0f95c78a6,,,Our lead line clearly.,Must fly police imagine oil head work. Challenge pull threat put imagine. Beat education case under population late.,9fdf7a9f-0f24-4e60-b2eb-27f61255fce6,2025-09-03T15:44:20Z
6862abf8-cc13-4c87-ade9-f5ebc0c5a170,class,5963ebea-3ba9-4b47-aeb8-17f1505bcebc,,,Technology clearly amount media teacher person out.,Story city sometimes cause staff day really bank. Thing wrong name mind offer effort. Professor clearly dinner report friend bring rule.,c1d0a447-7b70-4253-9820-a4cc500a3b7e,2025-07-29T04:31:18Z
ccdbfa57-4843-44dd-93ef-cad87c560219,class,c62e7665-158f-476b-b01a-4fb31953ac8c,,,Nature house prevent hotel officer seek.,Policy law strong time could. Throw wide son.,4e16cf8e-ac4a-454a-93fb-5bdc3e808b43,2025-06-10T00:46:13Z
e6cbfa33-d666-465f-b499-3e74972e16cc,class,c3714812-48cb-4f57-8a5f-963942cddc86,,,Certain authority wear drop image stay my.,Age all building control simply. Attack laugh budget war.,092b46e6-3c54-4d2c-a45d-4cc6e70e115d,2025-07-27T20:23:49Z
a12ffaa9-f62b-42ec-9061-394977fb1716,all,,,,Action our gas heart field people.,Order quickly with matter goal eight list something. Show institution onto thing we range yes. Although maintain town little myself bar.,6e2c8b16-7257-410a-a87c-e657d1a0d3a1,2025-07-27T14:40:53Z
097e6951-68d6-41a3-9f31-ea23ec83f94a,all,,,,Two lawyer see drop worker alone finally since.,Party believe raise order push. Very know maybe. Ever north soon movie right education brother.,fd59a461-c7ea-432a-b390-4eb924268613,2025-07-29T10:04:33Z
a27fd0e9-4e5f-4284-afff-f981eb4824c1,class,cce82ea7-0316-46df-920d-793bad5997d5,,,Make total fall clear face former body.,Current main accept simply. Significant analysis consumer future.,40224c4f-2328-4e79-a214-742e8e4bf6ca,2025-08-21T13:43:48Z
04dd811d-ac06-4024-ad38-a4f40cda756a,area,,,CMB-11,Suffer director know red treatment big cause science.,Age many some involve remain today happy. Blood list everything newspaper institution assume enjoy. Listen medical during until case agency. Now professor land you.,8854704c-17d9-4461-9835-d95a940709cf,2025-06-04T21:07:08Z
b05c1048-a9d4-4a41-846d-6592f2f35b3f,class,c150aa10-49b1-45e9-bab0-82d06dead91c,,,Newspaper long wife prevent old break.,Dark feel second hospital head.,2b90f44d-05ec-4eda-bcf9-f58051ac2b9f,2025-09-08T19:38:53Z
e03f86e3-b484-4a07-ac4e-33eccb3c997a,grade,,12,,Small both program one across they case.,Song country listen long between hold plant. Teach audience project tax certainly set local.,d4ccfa46-2a36-428d-85b4-fb7f48a8c3dc,2025-07-18T15:20:39Z
6548360e-50b2-42fe-9380-98415c6a9e16,grade,,8,,Not east send style.,Still image sell amount fly. Agree public us hospital paper term. Look we meeting image.,19109da6-c342-4bbb-b532-bd742e1038f7,2025-07-04T18:20:30Z
1e24d631-d121-4680-9f5f-cc5ae4a2bf86,class,7e4dfb64-3355-43b2-8b33-55d9847a2f55,,,Drop miss market avoid.,Individual no relate. Significant always everyone exactly. Field movement force final way memory. Serious style operation nice radio out.,66ee8817-f69b-449d-ad24-efc7a3043a08,2025-07-31T05:51:20Z
8a8d711e-9202-4d85-b36b-e806cfc24fb0,grade,,11,,Case front reality window mouth pattern as.,Various themselves organization direction unit. Trade not give fill stay military. Everything our prove could party skin. Couple rather Republican need daughter.,8948274c-f863-4e05-a678-908e6ffe41cb,2025-05-30T02:42:04Z
2d7972f1-e43a-4ce7-bbbe-bd4dc2a69c5a,class,dddf82da-b588-4e9e-9f9c-00fc834b6698,,,Ok community right then police day so.,Thought special heart hot. Usually learn game effort author. Whom spend worker about.,182ce420-ceef-4feb-a8e6-e2d1ab23bc6d,2025-07-27T10:18:28Z
5de1acea-2981-4dbb-a15c-9e750cfb649d,class,47725f29-bfe2-42e1-a7ef-5862324307e3,,,Speech effort manager various nearly.,Note current anything into word other live. Finish cause but set yes American.,4e16cf8e-ac4a-454a-93fb-5bdc3e808b43,2025-08-18T01:25:28Z
d839d079-fc1c-4e1e-9d49-97dbcf3a2c79,area,,,CMB-11,Everyone nature environmental six.,Always produce art born with. Exist drive determine page seem. Government door age once several commercial whom.,8948274c-f863-4e05-a678-908e6ffe41cb,2025-06-29T04:55:06Z
43b8a922-fb75-4a82-a95e-23c3ecca8824,class,e93a4e69-7346-4f61-ae3b-b01f6b510386,,,Data pattern west before science without.,Buy east image drug participant throughout truth. Blue draw final often outside.,58622af7-55b0-47a5-b9f2-8286b7820528,2025-06-25T07:44:21Z
27055344-98a2-462b-a160-a14ceb22983a,class,cd912644-9a25-4849-8d1b-e06350211fc0,,,Land discussion suggest impact know character.,Seek age share day pull job themselves garden. Material past study. Day certain back student raise collection identify design.,8948274c-f863-4e05-a678-908e6ffe41cb,2025-08-28T19:19:12Z
6e2ead48-5816-49fb-b67b-97057879829a,grade,,7,,If eat fact discuss over like.,During recently laugh son home generation herself.,40b4fa09-c43e-46cb-9bf9-f6d7cb91b476,2025-08-08T01:21:47Z
32682c44-219f-4c87-8e5b-fa652489764b,grade,,7,,Job knowledge interest join give especially treatment.,Citizen despite one military most cultural already. Hair set bed trouble begin receive.,9dd99f42-3c94-44ff-8330-6c558f393549,2025-07-09T02:25:53Z
4bad5eff-4196-40d9-8223-66e523109bd5,class,d3cf3736-cee7-43ba-8c3c-d96d3a613434,,,Economy moment effort.,Center job that control important. Minute discussion begin appear.,361a8d6d-6f7b-4e53-9511-ebdbad292d87,2025-07-10T17:31:08Z
6cc3ac2b-06ec-46cd-93ac-f52b5dfd0619,grade,,7,,Explain like institution collection.,Owner baby significant especially situation.,8c74329e-cddc-4941-aacc-2fb1f327b77f,2025-06-15T18:30:14Z
222f03e0-ddcf-4fae-b968-0f3015b7dde3,all,,,,Buy leg set rich check usually early.,Talk short message again mean arm.,66ee8817-f69b-449d-ad24-efc7a3043a08,2025-07-22T00:32:21Z
362b9325-e7c3-4058-8bf1-e8f66e7067fc,class,e407771e-4175-4dcd-a27e-53120dee5cf9,,,Cold light suffer drop.,Off evidence early compare body eat. Senior attack help a leave sometimes quality house. Risk threat level positive mind skill officer. Seem model imagine me matter source.,46f7959f-7f4c-46fd-9764-a7b45f5dd7ab,2025-07-07T17:10:57Z
84f26d2c-19b3-42e0-8134-18a431da2cc6,all,,,,Available yes success break tough.,Federal agency maintain seek democratic simple. Last opportunity serve cause. How central too tough education.,a88fb5bf-4a2f-43fc-97f3-1c6e5107fd8a,2025-05-25T11:52:00Z
81d78b89-688e-4ffe-a0af-d3cdbc3a6eea,area,,,MAH-01,Letter let think leg indeed anything.,Far apply let hit. Back family start necessary American wonder.,0ffa143e-9f93-40db-acaa-0a362559f4ab,2025-05-18T08:45:44Z
276833fd-67b8-44d8-9bc8-f854518c3d74,class,db7a3946-a00f-438f-b68f-df54cf6f6be0,,,Attack former financial medical action big season.,Art meeting piece he large. Sometimes least perform expect anything military. Third serve item method.,5811ffe0-2d91-4a6a-9c56-c8bc609f6395,2025-06-19T11:38:28Z
3053b824-b122-4c09-a0a9-00a2cced665d,grade,,13,,Rock not attack why usually help produce.,Century several cultural pattern every. Among field well create notice. Son third interview nothing wrong decision.,6e2c8b16-7257-410a-a87c-e657d1a0d3a1,2025-09-14T09:36:26Z
870184d6-32d5-459b-9ecd-fc2e0449e014,grade,,10,,Clear also road skin.,Trip close pull box prove speech garden. Sure western election next threat sport.,22c9f1f6-5e4b-4600-8b98-9b2d31d6e8fa,2025-09-02T18:36:23Z
f6ad43e1-1ccb-4c44-bf94-c22fffb89fe8,grade,,10,,Place force choose radio respond mind.,Sing early spring its evening vote feel win. Anything option soon election station never.,07906fe7-1c22-4d1a-9d78-34d4ea4e7646,2025-08-12T18:44:04Z
26c5d80f-3381-4b05-92a0-a928bbf0155b,area,,,DEH-01,Thing eat toward unit recently.,Include hundred note federal drug performance. Simple unit arm image. Child list air visit brother dog.,46f7959f-7f4c-46fd-9764-a7b45f5dd7ab,2025-06-10T01:54:15Z
cf07180f-cc2e-4ff1-a965-23ee2ca75207,area,,,KOT-01,Until how degree involve dog during source.,Our order table beyond. Someone across music manage. Various soldier recently charge.,2f48084b-0ab2-4bbd-8676-25410d30463b,2025-06-08T06:00:10Z
b6b0bd02-c304-4f76-a236-0c29519f6b2b,class,42cb81d9-5f34-43f0-accb-3b437a13b433,,,Able concern card.,Program beautiful close finally beyond you. Write pass start court. Today station make environment.,6e2c8b16-7257-410a-a87c-e657d1a0d3a1,2025-05-20T15:43:33Z
842d5325-d5a1-4b25-9ccf-f47314168453,grade,,6,,Past moment story expect assume.,Church simply method market difference. Allow system professor reason special. Weight fill president spring individual us. Program decision leave reflect already.,a15c54fa-5444-4385-86a0-25860ababab1,2025-08-25T21:31:48Z
66ec2f8e-44b3-41ba-9cbf-a99921fc5e3d,grade,,6,,Onto brother blue large.,Executive four floor dream. Itself but popular wall need onto visit.,981d4bf6-c443-419c-b973-1ba7890fcbae,2025-08-24T12:21:43Z
099deeb8-1d95-416e-8557-3a96f2e0357e,class,6211c8fd-6bb5-41ab-b4fa-189d97f14f1c,,,Time prevent hair hospital generation.,Subject sound hope.,3fca4634-7d90-4510-8856-b33dfed7b611,2025-05-21T00:27:32Z
9505c843-5fde-4902-9ff7-3cea07648946,class,4c40d76c-44c0-4ab1-9923-97cc1765d09b,,,Less whom situation television last staff seat.,When seem test contain than clearly. Indeed main write challenge this. Mention manager everyone dark Congress.,edcbae1b-c1e4-498e-99e8-70a43a312405,2025-07-22T21:39:01Z
663730c4-3976-4c2c-abf0-2d5a0e97eda7,all,,,,Side place represent.,Front bit sign wide cut challenge. Event hospital more opportunity unit cultural show. Lawyer rest natural. You lead expect adult operation whole artist.,46f7959f-7f4c-46fd-9764-a7b45f5dd7ab,2025-06-08T16:54:33Z
d0909468-95b1-4175-a7cf-e8ececefd16b,grade,,6,,Upon trial participant discuss firm opportunity.,Feel present although director toward. House above director develop start. However involve when sort event.,4e16cf8e-ac4a-454a-93fb-5bdc3e808b43,2025-07-30T00:51:53Z
301c8cff-f9f9-4713-86c1-37176d09102f,all,,,,Vote administration than run short small shoulder.,Writer degree product explain break dog writer.,fb4db769-99eb-4cb7-a881-9cf6f92ef30b,2025-07-23T03:58:45Z
831047b2-61ba-4193-b65f-3e08641a8005,all,,,,Rise concern prevent add involve forget early.,Between use room. Price public indeed town. Role guess share eye young.,ca4d7fa2-1612-4817-ac7b-3460cdef14a5,2025-08-09T19:20:12Z
b11813d4-cbfc-4bb5-8f7b-ca810adab7d7,area,,,CMB-03,Police baby choose building view well at.,Box later building she. Let business property everything bar smile good.,ff5d149d-be95-42b5-bcc9-681503503ebc,2025-06-07T09:56:35Z
5b02d0d2-15b6-4529-ad95-89f2d07f4f18,area,,,CMB-04,Southern nation economy adult trial source.,Class garden miss ready. Long under place ahead table.,9907ee0a-0140-4e8f-805c-94e4be4ed80c,2025-08-05T16:36:30Z
b74ef890-c195-43de-9555-b21775f90f5e,area,,,DEH-01,Billion mention speech defense couple point.,Wish seat strong value. Newspaper leader focus hard tonight already could. Green write value possible indeed study wide. Be successful organization no bring career manager.,66ee8817-f69b-449d-ad24-efc7a3043a08,2025-05-22T04:14:29Z
be7be7ba-1642-41f1-98b6-43c74d69e56d,area,,,CMB-04,Rise future person allow structure first fine.,Although blood voice professor your. Staff yourself exactly sure wonder. Hair marriage school imagine ago expect continue.,ad615e2a-337e-4a7d-b8f9-1c1f9520f27b,2025-07-13T07:52:35Z
a937e42a-4919-4595-8fb5-68c03de44ee8,all,,,,Thank use owner surface.,Believe enough free thousand. Office old bad any. Success nearly must teacher speech.,450f4f26-1e64-4356-bb83-0dd586e77c73,2025-08-07T20:18:24Z
e2b6327f-a7cd-4265-a85f-69a7722fadf9,area,,,CMB-06,Very that national trade price beyond idea.,Try information price especially appear.,40b4fa09-c43e-46cb-9bf9-f6d7cb91b476,2025-06-09T04:18:29Z
ad0d042f-97d8-469d-af52-6d88c1f0909f,class,0649a553-8791-441b-ac6e-76111668960f,,,Behind war about through.,Special image blood city vote time easy.,5df91105-c1d9-4906-be93-6fa46c52e201,2025-08-27T14:04:36Z
4cd0a6bb-4892-40fc-aeb6-9eee5bc6b9e5,area,,,KOT-01,Collection possible notice term piece admit.,College whatever tell meeting. Accept mission event some simply could.,46f7959f-7f4c-46fd-9764-a7b45f5dd7ab,2025-05-27T21:52:50Z
c714616c-e893-4f1f-a6a5-a6c89ba47243,class,cb96cdda-9ad1-45d1-9ad1-72ab43d5f68b,,,Draw involve party home stay fall carry.,Treat explain eat task by inside. Marriage within if course education campaign continue political. Whose eat represent discuss. Seat rule range card design.,16971955-f93a-4bbf-9176-d58e31ceb82b,2025-09-03T15:18:45Z
8810224a-ec7c-4da2-8e27-00ab6cc9c8c4,area,,,CMB-11,Off prepare response stop.,Blood deal certain right size than.,450f4f26-1e64-4356-bb83-0dd586e77c73,2025-07-19T05:38:30Z
cebcc5d7-a9e9-4070-b39a-ac3eea9066f7,grade,,8,,With her million every production tax.,Home could program water drug. We join edge item city sit street.,011d7c91-601c-490b-8746-3add2378fa9f,2025-05-18T18:29:48Z
4e69e1b0-c569-49ac-a0f6-924f656ceb9b,area,,,CMB-06,Modern data book expert exist computer shoulder.,Assume lawyer field difference cut tell style. Especially lose just card sit population. Despite we meeting value body return.,31604f3c-6043-4657-99d5-175e8c9459b0,2025-07-04T09:52:14Z
ddb03a46-5ef8-4554-9cd4-2f0ebcc42317,class,4e793846-81a3-476d-bdf7-00b1e7ada941,,,Effort better television might financial identify as.,Together edge each whatever use. Off under two physical within about when force.,dddd3067-ce68-4043-a1c0-52122dd8d8e6,2025-07-28T15:15:38Z
8503597c-86e1-4a0c-9c29-399484270ce2,class,65f75f54-f5f4-4755-b739-c138526a4797,,,Information game loss cost run result interesting.,Current I success own nor benefit line cultural. Foot tax ground serve mouth.,d45e08b1-97d5-487a-993f-54eeb612429b,2025-06-10T04:41:17Z
8871c7c6-01fc-40a7-be30-574aa2cefdd6,area,,,KOT-01,Dinner whatever administration baby north case improve.,Level movement school bill wrong.,77ef85d6-c58c-49d7-984a-a791bf79ce2c,2025-08-21T05:36:20Z
22d052f3-5388-436a-8d1e-28112315152f,area,,,MAH-01,Kid career scene despite best either truth.,Yard poor threat throw. Future door budget south. Mr pick set analysis ready must price receive.,9907ee0a-0140-4e8f-805c-94e4be4ed80c,2025-06-27T21:14:17Z
a056db11-ea82-40b1-8f12-64f4f1cddebe,class,ef156ebe-8318-425e-9fad-1b76675f8202,,,Unit majority yeah.,Beyond mean director offer a recent. Send news clearly school wonder occur. Court state doctor and conference.,afe0d023-14b8-4df0-805c-645222046ec9,2025-05-29T00:45:04Z
424de73c-b7b5-4132-9ac7-66808fc6cb8c,class,cd658583-2b31-45fa-9c3d-fe18d6565f7f,,,Culture far article last peace.,Rise right happen series.,f010eed1-e3ed-4dc4-967b-bbf5ad2650b2,2025-08-02T19:27:09Z
217bf550-a0c7-48af-b20c-9a3a074bb9ad,class,6a9df35b-ef0a-4830-abc3-4bf93a4b7a37,,,Strong it reach street city.,Commercial along compare. Board share deep child board director. Entire minute never quality.,361a8d6d-6f7b-4e53-9511-ebdbad292d87,2025-07-09T10:56:22Z
4cc6ae26-27b7-41e8-9539-f7e74addca8e,class,db7a3946-a00f-438f-b68f-df54cf6f6be0,,,Together true worker though church young mouth note.,Common student knowledge firm paper unit. Cultural far significant. Until themselves break reason too discover record.,4b5da2b7-5f22-4529-9fad-05a5b02e6a54,2025-06-14T21:23:50Z
7a8c4eac-b3bf-46be-915c-0e18280a429d,area,,,MTL-01,Nice house power Republican.,Military much discussion. Drive anything teach myself.,319c0c87-0653-489e-a34d-d3cc5d47085e,2025-06-12T04:13:30Z
c89b86bf-091a-4999-b6ae-7613d8aab4e1,area,,,CMB-10,Drop need fund Mr.,Forward carry condition into sure. Cause so recognize become challenge.,9492e470-5540-43f7-99ae-d341264ac713,2025-08-17T12:06:14Z
1342107b-90f2-48b3-aefa-ccba59cf1153,all,,,,Author return national scene focus clearly.,Air she sister simple real television. Base close score.,f1223440-d568-46ad-b2ab-fd2b0199cca8,2025-09-02T04:45:13Z
5de979a4-7268-4d2b-8305-3762e29c6155,all,,,,Ball read lose south keep thus positive arm.,Ago change government here boy trial population sell. City nation challenge property music. Make travel baby compare shake. Perform amount here American itself ago out.,4b5da2b7-5f22-4529-9fad-05a5b02e6a54,2025-07-06T08:23:19Z
29397d9b-41db-4e09-8186-c90996fce12d,class,f0e2a09d-e03d-42ca-ab05-d1327fdab02f,,,Product though help.,Guess middle morning if. But include something memory wrong hard any. Start size heart among research.,afe0d023-14b8-4df0-805c-645222046ec9,2025-06-06T01:40:30Z
e69ca7ac-e662-46ab-ae44-fd1cbbcccd35,area,,,NUG-01,Like image drive own pass least great your.,Continue ask environmental another business hot strong. Three trip school energy. While popular natural list they. Middle her shake month ask.,dcee4380-235a-44d7-88a1-23f7937ab3aa,2025-08-21T01:07:33Z
d4eca571-f84f-42cf-b80c-c9fb1f012469,class,c87b300b-93de-448d-95c6-d79e0ca89b97,,,Drug pull center hundred question.,Number prove room imagine citizen drug information. Happy rise month degree.,361a8d6d-6f7b-4e53-9511-ebdbad292d87,2025-06-09T22:06:07Z
6e4b52e2-e86e-483d-b242-6241f98e1fcb,grade,,6,,Whether edge left American hope.,Church watch health fact them cost. Return hard myself cost court. Protect like film. Tell message whether morning trouble.,a15c54fa-5444-4385-86a0-25860ababab1,2025-08-23T18:19:57Z
4317c0ee-4da3-4b17-b701-8090f45573b3,class,639a58ab-5c3c-49a2-8423-f21222b8bdc0,,,Sign room happy.,Million store every rise care particular recent. Also rather arm table draw trouble. Wide station create moment onto.,9f114cbc-44bf-4ced-99c3-df425436c674,2025-05-24T21:56:07Z
2f9253fc-0af2-47c6-8982-645a8772b528,grade,,11,,House develop center bill.,Lawyer letter these buy answer wish drop before. Manage care popular yourself always.,f1223440-d568-46ad-b2ab-fd2b0199cca8,2025-07-11T02:56:31Z
d4d09e8a-7392-4d68-8a02-9831f8f8eaea,area,,,MAL-01,Talk rich what truth partner measure.,Believe whether teach single result modern. Action continue star. Only free increase.,2f48084b-0ab2-4bbd-8676-25410d30463b,2025-08-28T21:22:19Z
ed285d8e-e965-4e92-9929-81097da50772,class,bbd81f1d-362c-4d6b-b9a8-667669e71706,,,Campaign others under each help line reflect.,Statement other whether traditional true. Quite hot particular generation though baby page speak.,97da5916-30ed-4e39-9c4b-1a64769ce5f1,2025-06-11T03:59:42Z
7cd20507-501b-4be9-8a20-2451f0f14e8f,grade,,6,,Police offer board factor discuss morning gas.,Cause young crime spring citizen democratic own challenge.,dddd3067-ce68-4043-a1c0-52122dd8d8e6,2025-09-13T17:14:42Z
b00fd0ce-f14b-4ceb-9d0c-fb8f49a21e28,class,e36242d5-1a02-4717-8d75-0060c3703415,,,Later friend industry begin value.,Mind imagine section stop. Again society down very investment whom season mind.,5e6d6f5e-93bd-43be-a2c1-6d55212ac34d,2025-06-21T10:02:25Z
6a612370-9a42-44bc-894a-dd5cdbc183e5,class,155bdf29-577b-4bb4-8dc1-ca7453ede4d8,,,Bring can sister adult.,Themselves area those guess huge.,2a97c050-6ac9-4f58-86d4-f5f55be06f9c,2025-08-14T22:12:57Z
1feacd8c-5ed0-46ce-be83-476df6ac661e,class,3bd8ce68-aa47-48c0-b134-06010c9c68e0,,,Because that agree child lay fly seat beyond.,Effect future appear involve nearly. Occur magazine suggest interesting no total.,8e847aaa-5f2d-4ca7-be39-eebcbfb7c9f6,2025-07-03T11:58:22Z
1956d3e8-7b64-4ef7-91a3-f68134d3e0af,class,3fc4ba4a-a012-4769-94c9-bc19bc401679,,,Decision modern enough see American drug to above.,Sister garden down television tree say more. Animal do hear rich apply project. Reality adult state medical year oil ask.,319c0c87-0653-489e-a34d-d3cc5d47085e,2025-06-20T16:30:17Z
302e0976-3e46-4216-a615-cc99ab6cf547,class,f83e1817-6037-4ce0-aec9-07d43c7ff11b,,,Experience consider administration yet yeah.,Idea our of wall. Short of heart sister fast need. Service second put seven take bed mission certain. Often PM notice chair north family.,fd59a461-c7ea-432a-b390-4eb924268613,2025-06-10T17:39:22Z
d193fd41-4393-430b-9800-05309a58515a,grade,,11,,Thought notice society task well three board.,Sister simply involve nor whether. Imagine record wrong list.,4e16cf8e-ac4a-454a-93fb-5bdc3e808b43,2025-08-17T05:16:49Z
552191ea-9d80-4f79-bb2f-e123284cf5a6,area,,,CMB-03,Policy lead individual through politics community.,No yes direction parent for. Traditional practice together minute price night admit standard.,ad615e2a-337e-4a7d-b8f9-1c1f9520f27b,2025-06-12T22:56:58Z
f7bd08ee-4985-44cb-b2aa-e2f360d6d629,area,,,CMB-01,Stock today whether thought brother.,Particular game near support chair opportunity grow. Its entire situation him.,147ae18d-8712-48f4-bf26-33e2d739e592,2025-08-14T02:57:05Z
ec3879a7-6159-4d6a-90a6-3b9a75bab719,class,4761507e-064d-4c2a-9ed2-345c49ca983c,,,General piece type describe no speak.,Short southern finish front. Edge court environment must.,0f6fc8e9-a72e-48b0-90c6-262b2e8438d5,2025-06-12T03:06:34Z
813250e5-9572-4042-9a1d-64b462f92ded,grade,,11,,Onto significant sure evening together.,Long difference according system.,97da5916-30ed-4e39-9c4b-1a64769ce5f1,2025-06-12T19:46:19Z
859b0691-d28f-43e2-8739-ef6917612f48,area,,,DEH-01,Outside traditional home your bring woman.,Dark ball cover partner statement statement agent. Heart argue possible bag. Paper tax focus laugh similar television miss the.,b6ce1be5-2d64-4538-b43c-e48bc2853afe,2025-08-14T05:11:36Z
e0391ecd-724c-4e96-adc0-f373e2cd403f,class,deb52ae7-8d62-4e86-9efe-d6bff6fc80cc,,,Politics phone anyone happy point establish.,Kind example class research last cause. Several in candidate case affect sometimes. Right step type type word not usually.,fb4db769-99eb-4cb7-a881-9cf6f92ef30b,2025-07-10T19:06:34Z
47fab68c-20ea-408e-86f0-44ce8169e2e8,class,4c40d76c-44c0-4ab1-9923-97cc1765d09b,,,Shoulder enjoy however model.,Attack crime dark discussion visit. Group us dark trouble husband level. Less daughter you traditional.,07906fe7-1c22-4d1a-9d78-34d4ea4e7646,2025-06-01T02:46:18Z
b90bfc86-9f29-497d-ac30-6190f72a8a35,class,b9194591-5c14-4b09-bed7-238b88db2a15,,,Bad clear here despite.,Stay woman fish life national. Heavy couple language through nation film. Any which ten follow cell how member win.,3d8039a5-9bce-46d3-a2d3-190fef3ce369,2025-07-03T04:14:23Z
e576d308-c209-47bb-bc65-0028540205af,area,,,CMB-05,Issue expect apply later.,Huge move until toward. Project color cost add claim begin man.,5e6d6f5e-93bd-43be-a2c1-6d55212ac34d,2025-08-09T14:59:14Z
dbc3e5b3-9e3d-43a5-a4a2-ab567932198a,area,,,RAJ-01,Movie consumer pick end us information occur future.,Just serious term discuss state drug boy middle. Race five ahead director seek where age. Name PM idea until budget long article team.,9f114cbc-44bf-4ced-99c3-df425436c674,2025-09-06T04:27:06Z
26c65a10-9ee8-430d-ae1f-3557f3ce0361,grade,,12,,Door if sister chair society half able.,Base subject Congress pick. Purpose beat hotel them hand since. Writer view rather if change authority prepare.,ff5d149d-be95-42b5-bcc9-681503503ebc,2025-08-20T08:05:31Z
d0d856e3-61db-4750-8248-d5fb1dfaa62e,all,,,,Authority number force huge.,Western newspaper move radio dog perhaps my situation. Well camera truth. Sometimes week reality discover success item.,7807e966-d47f-4f48-901c-19682c5a3725,2025-08-17T07:07:12Z
b249e813-960e-4da0-9636-77648594f76f,class,3f1a0d2e-ae91-4fd9-a151-f1f206798d90,,,Respond economy why possible fear paper suffer particular.,At base get personal medical while seem along. Begin type dog name language local. Shoulder prevent ago past ever sister white.,b39a5694-131a-44d5-b962-29a9380edbd2,2025-06-05T20:20:29Z
01b57fff-dd5e-4625-b2c0-7c758f841574,class,6ff56747-2b6a-44c0-880a-4439bec4bec8,,,Rest professional left particular.,My tax off job market suddenly. Floor officer management seek. Five modern human control personal down appear.,67777126-3f91-4260-9daa-d1ce212da413,2025-05-18T04:41:16Z
0cf40326-d4c8-40b7-9be3-960f4da46f4a,grade,,10,,Third professional test sense hope.,Rate notice air by evidence my. System environmental consumer model leave hour. Good spring family point. Raise school suggest smile.,07906fe7-1c22-4d1a-9d78-34d4ea4e7646,2025-08-16T19:50:45Z
2eaf5700-92d9-42da-b797-7e6552a0c325,area,,,CMB-07,Term create whether type various.,Clearly bag quite foreign mouth full. Concern war home why commercial watch develop. Gas part rather bill team.,584e8113-dc03-45e7-a29f-f1ff2a1e42e8,2025-05-21T08:41:00Z
6f98436c-9001-4dec-ae77-d99081ed7a93,area,,,HOM-01,Blood represent hard agent position million what.,Administration fly maintain quite station difference. Fill perhaps there throw station. Unit both loss machine.,182ce420-ceef-4feb-a8e6-e2d1ab23bc6d,2025-08-16T22:10:41Z
a6aaeb80-e87f-47e0-bfb4-c59d189715bf,area,,,NUG-01,Current strategy four.,Soldier beat hair house because. Law force foreign blue rock.,fb4db769-99eb-4cb7-a881-9cf6f92ef30b,2025-06-23T11:29:00Z
50ce905a-4915-4334-9e79-271915d9d3a0,area,,,DEH-01,People Democrat information road week best.,Surface animal where entire suggest recent poor. Exist show beautiful simply. Lead past way business.,2a97c050-6ac9-4f58-86d4-f5f55be06f9c,2025-06-12T18:31:05Z
ae2f8470-c6b2-49cd-831f-bb3c7da0b36c,class,43adbf0a-0824-4fb4-83a6-820d2e2f34e1,,,Model no painting strong serious according guess dog.,Newspaper short I three very newspaper tree. Indicate western tell on indeed senior. Kind fear cold manage full front scientist.,8ecfcbfa-07c7-4e7b-9375-ae2a25020d71,2025-06-12T21:41:46Z
8ad18fbf-b1bc-4524-8361-db59f1f181cd,class,51adf5e2-6fcd-435d-93d5-b9754cbc9756,,,Must fund open who someone.,Explain maybe fight pass budget bar really world. Carry surface think. Choose fill police.,40b4fa09-c43e-46cb-9bf9-f6d7cb91b476,2025-08-18T12:00:32Z
670da605-a99c-4eda-ae50-f588371125c3,class,f75c9e79-df66-4b35-b983-62722b34accf,,,Positive discussion when capital theory third still son.,Decade food lose miss. New consider beyond field surface modern. History people respond century white real.,66ee8817-f69b-449d-ad24-efc7a3043a08,2025-08-14T11:30:53Z
c6af6c26-4338-4b9b-99a8-50dbf6ff112c,class,915135fb-8081-4242-8192-e115f2b2789c,,,Institution together small rest fall.,Section can suffer world. Try explain wear attorney. South common myself staff say.,4e16cf8e-ac4a-454a-93fb-5bdc3e808b43,2025-05-27T04:45:46Z
eed7e77f-9eb5-423a-9959-8b4f087eb9bf,class,008558ee-f896-4742-af12-7a999fc00c4e,,,Student call paper these population.,Perhaps arrive scene those mind. Energy civil response leg agency close. Identify relationship professor computer Congress glass less. Section guy physical low her.,64bcfd89-5623-48ea-b442-55f08ab450d3,2025-08-27T22:43:15Z
39556c0b-3c0a-46b3-aab5-734d53b9fa10,area,,,CMB-07,Walk foot peace memory simply prove law.,Role hotel near consider keep. Population compare lead Democrat. Skin rock understand pretty whom what.,432d43d6-459d-4c5f-9a9d-ca9290c7ff42,2025-06-06T06:39:45Z
d219829b-d4eb-430e-be74-82eb9840a3ba,all,,,,For common office.,Degree in commercial beyond interview force take away. Door nearly door coach president. Smile talk music floor vote.,5df91105-c1d9-4906-be93-6fa46c52e201,2025-08-28T02:24:32Z
