user_id,grade,area_code,subjects_of_interest
a69340da-2b61-4c1c-bb84-8fc1e86d959c,13,CMB-10,"[""AL_ECON"", ""AL_CHEM"", ""AL_BIO""]"
f6cb77b9-2dd3-4e8b-bc92-874263a225fb,9,CMB-01,"[""OL_SIN"", ""OL_ENG"", ""OL_SCI"", ""OL_ICT""]"
2227c7a9-73af-4fa9-bb71-66275e6f89ab,6,MAL-01,"[""OL_SIN"", ""OL_TAM"", ""OL_ENG"", ""OL_ICT""]"
5f1a4d9f-270c-41e0-a60a-55d8f8cbcc96,13,CMB-08,"[""AL_PHY"", ""AL_ECON"", ""AL_CHEM"", ""AL_ACC""]"
5d9fcad0-3be8-447e-b758-fa3466501412,13,CMB-11,"[""AL_ECON"", ""AL_PHY"", ""AL_MATH"", ""AL_CHEM""]"
e36a0b9a-6c19-4dd2-8973-f74602035c3c,8,BAT-01,"[""OL_ENG"", ""OL_TAM"", ""OL_ICT""]"
9e755a94-b002-4d69-a761-fe0ddbbfc71b,13,CMB-01,"[""AL_ECON"", ""AL_BIO"", ""AL_PHY"", ""AL_MATH""]"
a435d2a3-91aa-464f-80b1-fffc7a94d25b,11,CMB-10,"[""OL_ICT"", ""OL_MATH"", ""OL_SIN""]"
f1fa097e-37cd-435a-a6b4-48988207ca31,9,MAH-01,"[""OL_SIN"", ""OL_TAM"", ""OL_SCI"", ""OL_ENG""]"
59bda5fa-9182-414f-a9af-58a1d21ee355,10,MTL-01,"[""OL_ICT"", ""OL_ENG"", ""OL_MATH""]"
475d6042-a8e5-4ffa-964d-e2b41812979e,7,MAH-01,"[""OL_MATH"", ""OL_ICT"", ""OL_SCI"", ""OL_TAM""]"
7e203541-c768-4eef-b555-5d0da605a8eb,6,CMB-08,"[""OL_SIN"", ""OL_SCI""]"
07a75fb4-7a25-4c59-98da-83922493d855,7,CMB-03,"[""OL_ICT"", ""OL_SIN"", ""OL_TAM"", ""OL_ENG""]"
716c79be-d683-43ba-80db-47641bddb0d5,10,CMB-03,"[""OL_SCI"", ""OL_TAM"", ""OL_MATH""]"
ed322b1a-4333-48ed-81e4-a11e36be2964,6,CMB-08,"[""OL_SIN"", ""OL_MATH"", ""OL_ICT"", ""OL_ENG""]"
5659512e-4e1d-41f4-af5e-decdaea95c6c,6,NUG-01,"[""OL_ICT"", ""OL_SIN"", ""OL_ENG"", ""OL_TAM""]"
3cf0f127-e622-4b2f-a10c-1488db2ed5b7,6,CMB-11,"[""OL_MATH"", ""OL_ICT"", ""OL_ENG"", ""OL_TAM""]"
dd8384d7-ee4e-4353-864a-6c9c077ab97f,9,MAH-01,"[""OL_MATH"", ""OL_SCI""]"
4672122c-7b1b-4151-b2b9-8351b48d27cf,12,CMB-08,"[""AL_ECON"", ""AL_PHY""]"
015d499f-8dbf-44a7-8cfe-2b374d9a7a24,8,HOM-01,"[""OL_TAM"", ""OL_SIN"", ""OL_MATH"", ""OL_ENG""]"
b0cf5202-9ac1-4e61-ba09-b36ec4b7b853,11,BAT-01,"[""OL_ICT"", ""OL_SIN"", ""OL_MATH"", ""OL_TAM""]"
59f3e791-a652-4b7c-a36e-baebb34cba3f,8,HOM-01,"[""OL_TAM"", ""OL_ENG"", ""OL_SCI""]"
ea9fce42-fa6a-4d3b-9d50-f61f98180079,13,NUG-01,"[""AL_ECON"", ""AL_CHEM"", ""AL_ACC""]"
fa068c67-d05c-48d1-997a-b1fb3f2bc4a5,12,RAJ-01,"[""AL_CHEM"", ""AL_ECON"", ""AL_PHY"", ""AL_ACC""]"
9cf528ae-e7d3-4521-b80f-719c30d0a9fc,9,KOT-01,"[""OL_ICT"", ""OL_ENG"", ""OL_TAM"", ""OL_SCI""]"
6817bf79-28d5-4197-a289-c37dc5898d69,13,KOT-01,"[""AL_ACC"", ""AL_MATH""]"
0b4ba07f-946d-47c2-83bf-5afc325dbf5e,10,CMB-01,"[""OL_SCI"", ""OL_ENG"", ""OL_MATH"", ""OL_ICT""]"
f2b7f7a3-e16b-4e1c-8daf-47b6d09a0e85,9,CMB-08,"[""OL_MATH"", ""OL_ENG"", ""OL_SCI""]"
59edb8ef-8763-4ade-bf0b-8cf39a4b103a,7,CMB-03,"[""OL_ENG"", ""OL_SCI"", ""OL_TAM""]"
344f9ae9-3d72-4954-8f01-08eaf653b9a4,10,NUG-01,"[""OL_SCI"", ""OL_ICT"", ""OL_ENG"", ""OL_TAM""]"
eb19d210-a287-42ae-9b5a-5115c0bd2bb4,7,KOT-01,"[""OL_SCI"", ""OL_MATH"", ""OL_ENG"", ""OL_ICT""]"
f1a0c3dd-7178-49a4-89cc-62dfe5aaf57c,8,MAL-01,"[""OL_ICT"", ""OL_TAM"", ""OL_MATH"", ""OL_ENG""]"
0b179f81-d64e-419a-8f91-5d0928a405ac,10,CMB-03,"[""OL_TAM"", ""OL_SIN"", ""OL_MATH"", ""OL_ICT""]"
7b294f55-8503-474a-8514-cc0c3c49df43,11,NUG-01,"[""OL_SIN"", ""OL_MATH"", ""OL_SCI""]"
8b67082a-3d10-482f-904f-6d8d3d7bfff3,6,KOT-01,"[""OL_ENG"", ""OL_TAM""]"
257b6ae0-c1aa-46c0-b2e1-a61730925702,6,MTL-01,"[""OL_TAM"", ""OL_SCI"", ""OL_ENG"", ""OL_SIN""]"
e2dca74c-227a-458b-a5a2-9b3d55fedc77,9,CMB-06,"[""OL_ICT"", ""OL_SIN""]"
42d20687-a513-4332-b101-bab091241b2d,13,MAH-01,"[""AL_PHY"", ""AL_BIO""]"
07bb49ec-6a76-4ba1-aa3b-3528d61df0a8,10,KOT-01,"[""OL_SCI"", ""OL_ENG""]"
0faf2938-8c05-40c7-8b81-a3553523d280,7,MAL-01,"[""OL_ICT"", ""OL_MATH"", ""OL_SIN"", ""OL_SCI""]"
8fbbaf55-0f0d-4e15-a420-06ace1dcaea0,7,KOT-01,"[""OL_SIN"", ""OL_SCI"", ""OL_TAM"", ""OL_ICT""]"
99304154-44a2-432e-ad5c-fd1f536226a4,9,MAL-01,"[""OL_ICT"", ""OL_TAM"", ""OL_SCI""]"
027486f9-c89c-4471-9620-2fbc28ea1166,9,CMB-10,"[""OL_ENG"", ""OL_SIN""]"
b022f665-10fd-46e0-bfce-0f288c79fcc7,11,CMB-04,"[""OL_ICT"", ""OL_SIN""]"
74181da4-6364-4c3d-b4af-1019e78b3f8a,12,NUG-01,"[""AL_PHY"", ""AL_CHEM"", ""AL_ECON""]"
0abdee3e-f58d-4167-a31d-d42190c1cf06,6,DEH-01,"[""OL_ENG"", ""OL_TAM""]"
30708376-0dee-4935-9ae3-eff1117e829d,13,CMB-06,"[""AL_MATH"", ""AL_PHY"", ""AL_ECON""]"
df43482b-4955-46a9-8306-8165584fdd2d,11,CMB-06,"[""OL_MATH"", ""OL_ICT"", ""OL_TAM"", ""OL_SIN""]"
f3575dd1-fd07-4949-8946-619ab0b5129d,8,DEH-01,"[""OL_ENG"", ""OL_MATH""]"
8ba4b7dc-9953-4d90-8c05-56d945dbeaa7,10,BAT-01,"[""OL_MATH"", ""OL_ENG"", ""OL_SCI""]"
75b19bc3-f082-4346-945f-dca20b7e163f,9,CMB-08,"[""OL_TAM"", ""OL_ENG"", ""OL_SIN"", ""OL_ICT""]"
61fdda64-b7da-45ee-b77f-d4d736d9aff0,8,CMB-01,"[""OL_TAM"", ""OL_ICT"", ""OL_MATH""]"
3bb94919-8017-471a-9413-776feab4c4a1,10,CMB-07,"[""OL_ENG"", ""OL_SCI""]"
15fa78ae-56e7-438b-9727-6f4a1710f129,10,CMB-03,"[""OL_ICT"", ""OL_MATH"", ""OL_TAM""]"
c02d6a04-bb44-459f-8e7a-3428174e02ac,12,CMB-11,"[""AL_ACC"", ""AL_CHEM"", ""AL_MATH"", ""AL_BIO""]"
459efae2-6a6a-43d6-ac16-e5b8712d765d,10,KOT-01,"[""OL_SIN"", ""OL_TAM""]"
e60383ba-669d-492b-9266-8782a29df2c0,7,MTL-01,"[""OL_TAM"", ""OL_ICT"", ""OL_MATH""]"
b24a2ad2-4f16-4d3f-95f8-009704ac4648,8,CMB-08,"[""OL_SIN"", ""OL_TAM"", ""OL_MATH"", ""OL_ICT""]"
c4895703-06ad-4edb-a4ce-01c6afdc03ea,9,MAH-01,"[""OL_ENG"", ""OL_SIN"", ""OL_TAM""]"
6df0bdb7-4e4b-4907-83ad-e8660a0dc61e,8,CMB-01,"[""OL_ICT"", ""OL_ENG"", ""OL_TAM""]"
694d3ed5-8740-4592-802b-825e6c926d16,10,CMB-10,"[""OL_ENG"", ""OL_MATH"", ""OL_ICT"", ""OL_SCI""]"
51b17490-9cfe-4840-aae7-dc761bab26fa,6,HOM-01,"[""OL_SCI"", ""OL_ICT"", ""OL_ENG""]"
0123ff66-8d31-4bd7-922d-a9d81a6d5772,12,CMB-06,"[""AL_ACC"", ""AL_BIO""]"
880474da-de23-44cd-b3b5-0755577cd319,9,RAJ-01,"[""OL_TAM"", ""OL_SCI""]"
2b0cb066-1d09-4ca5-943a-a96a27237893,12,DEH-01,"[""AL_CHEM"", ""AL_BIO"", ""AL_PHY"", ""AL_MATH""]"
fcfa7088-0de8-448b-9d8e-114cc9be0fe2,8,HOM-01,"[""OL_SCI"", ""OL_ICT"", ""OL_ENG"", ""OL_SIN""]"
2310489b-e763-4c03-a70e-decabd8d68fb,8,RAJ-01,"[""OL_ICT"", ""OL_TAM""]"
1b9fa7fb-7c94-4fc1-bcae-0deb68397b25,8,MTL-01,"[""OL_TAM"", ""OL_ICT""]"
1ab59dd3-bc53-4b70-b106-56d8396ad3a0,7,CMB-07,"[""OL_SCI"", ""OL_MATH"", ""OL_ENG""]"
af4a6345-a438-48d7-9621-95d0d86bcdce,12,RAJ-01,"[""AL_BIO"", ""AL_CHEM"", ""AL_PHY""]"
2ef8b163-c373-4d6b-9a03-64cb9a6a80a4,9,CMB-05,"[""OL_SCI"", ""OL_MATH""]"
50326120-cb7b-4cd9-928e-618059159d48,10,CMB-10,"[""OL_SCI"", ""OL_ICT"", ""OL_MATH"", ""OL_TAM""]"
6d42c429-6d32-4b79-a1e4-06cd11bd27ec,7,MAL-01,"[""OL_TAM"", ""OL_ICT""]"
02df4a64-185b-4e92-8007-861e00673799,13,NUG-01,"[""AL_BIO"", ""AL_ACC""]"
29e2dd8d-24cb-432d-8618-5d629d952c78,13,CMB-06,"[""AL_PHY"", ""AL_ACC""]"
8f2881e0-b4e1-4e96-99be-6913161ae2bf,6,RAJ-01,"[""OL_ENG"", ""OL_SIN""]"
6c64c4f8-a64c-4a35-a65e-5a2646c9a913,9,CMB-08,"[""OL_MATH"", ""OL_SCI""]"
07b02a9e-70db-421b-b238-7bdfb5c6a3c6,13,MAL-01,"[""AL_CHEM"", ""AL_BIO"", ""AL_PHY"", ""AL_ECON""]"
0d83aa84-ba14-4424-9b4f-d2bf28aace02,12,CMB-03,"[""AL_ACC"", ""AL_BIO"", ""AL_CHEM"", ""AL_PHY""]"
10f8cd20-8792-49a5-a566-65526931049a,6,MAH-01,"[""OL_SIN"", ""OL_ICT""]"
cd71cb16-f26f-45ea-9a69-064c0979be22,6,CMB-10,"[""OL_TAM"", ""OL_SIN"", ""OL_MATH"", ""OL_ENG""]"
f2d37ca3-46d2-4e2b-ad3b-55920a3b2950,12,MAH-01,"[""AL_MATH"", ""AL_PHY"", ""AL_CHEM"", ""AL_ECON""]"
0c20a9c3-71ed-4992-a228-8483bd8589d5,12,DEH-01,"[""AL_BIO"", ""AL_PHY"", ""AL_ACC""]"
f9329bf2-27df-48af-9206-551a1bdfa366,10,CMB-03,"[""OL_TAM"", ""OL_SCI"", ""OL_SIN"", ""OL_ENG""]"
762e3f57-3cc0-4eda-b69e-f6aa4af9af6d,13,CMB-04,"[""AL_ECON"", ""AL_MATH"", ""AL_PHY"", ""AL_CHEM""]"
2415c8d5-1aa7-4f6f-a9e1-c5dfb8f68109,8,KOT-01,"[""OL_ENG"", ""OL_SIN"", ""OL_MATH""]"
aca1d48b-38b6-49e9-96bf-0d31266e5053,8,BAT-01,"[""OL_ICT"", ""OL_SCI"", ""OL_SIN"", ""OL_MATH""]"
e9fa1e66-8e58-4b27-b17f-86f7dfc8981d,10,MTL-01,"[""OL_ICT"", ""OL_SCI"", ""OL_MATH"", ""OL_SIN""]"
80d831b3-d273-4e78-b482-35077c7215e3,7,BAT-01,"[""OL_ENG"", ""OL_MATH"", ""OL_SIN"", ""OL_ICT""]"
54d0b2dc-7b9b-4378-81a0-06cf31594d32,8,KOT-01,"[""OL_SIN"", ""OL_MATH"", ""OL_SCI"", ""OL_ICT""]"
269d7bdc-45e3-48c1-a9d3-3e13e9494486,8,CMB-07,"[""OL_SCI"", ""OL_MATH""]"
cdb9a853-938d-468d-98e5-19bbb08755ed,12,DEH-01,"[""AL_ACC"", ""AL_BIO"", ""AL_CHEM""]"
86ae6fa5-cfdc-4b31-883c-b02ddfb174be,8,CMB-05,"[""OL_SCI"", ""OL_MATH""]"
4b3bb13f-e465-4412-a928-e27d374e2c32,10,CMB-01,"[""OL_SIN"", ""OL_ICT"", ""OL_MATH""]"
aba8fcb0-37b2-42fc-9cb2-950c3c45a8d7,13,CMB-10,"[""AL_ECON"", ""AL_BIO""]"
69eecfcd-9546-4edd-ac12-9b3ccead7426,13,RAJ-01,"[""AL_MATH"", ""AL_ECON"", ""AL_ACC""]"
7d1ccff7-2589-4b28-a904-aad45a205a82,9,HOM-01,"[""OL_TAM"", ""OL_ICT"", ""OL_SCI""]"
ac33e031-dfaf-40c6-ac1a-ac17b548df0b,6,CMB-07,"[""OL_MATH"", ""OL_ENG""]"
7d897a7a-77ab-473a-b084-bcff46ac6a80,6,CMB-06,"[""OL_ICT"", ""OL_TAM""]"
d95c0ede-046b-4af9-b0cb-77a53f78db40,10,MTL-01,"[""OL_MATH"", ""OL_ICT""]"
0e695142-8fae-4f68-b264-41e20fe85189,12,CMB-07,"[""AL_ACC"", ""AL_CHEM""]"
ca718d60-6b72-4483-8803-5992c5190a0e,8,BAT-01,"[""OL_TAM"", ""OL_ENG"", ""OL_MATH"", ""OL_SIN""]"
0a790e7e-c0d5-43b5-9efb-f1495dc4f338,10,MTL-01,"[""OL_SIN"", ""OL_MATH"", ""OL_ICT""]"
d4c10f03-e489-430c-a2f6-d82873ed1db5,7,DEH-01,"[""OL_SCI"", ""OL_MATH"", ""OL_ENG""]"
efbc1bce-2f8b-4bb0-aaeb-c0355afd3e63,11,MAH-01,"[""OL_TAM"", ""OL_SCI"", ""OL_ICT""]"
8ccd9d3f-9d93-46d3-a024-fb3e054b351a,6,CMB-05,"[""OL_ICT"", ""OL_TAM"", ""OL_MATH"", ""OL_SCI""]"
30785c93-1d17-4f07-9056-3ccf8fb4dad3,10,RAJ-01,"[""OL_ENG"", ""OL_ICT"", ""OL_TAM"", ""OL_MATH""]"
7c574a1d-4ecb-4020-ad83-d2d9691d48d9,13,MAH-01,"[""AL_ACC"", ""AL_BIO"", ""AL_ECON"", ""AL_MATH""]"
110d107c-b22e-402a-a6b9-b4b242b20c50,9,DEH-01,"[""OL_MATH"", ""OL_ICT""]"
e1aa9d83-24e1-46ff-b59f-cc5991f0b304,6,BAT-01,"[""OL_MATH"", ""OL_SCI"", ""OL_SIN"", ""OL_TAM""]"
24c2ad66-f51a-4aec-8f79-5b1153143b57,6,MTL-01,"[""OL_TAM"", ""OL_SCI"", ""OL_MATH""]"
6f9289b8-33dd-4e57-b9c8-aaf9ce367206,9,DEH-01,"[""OL_MATH"", ""OL_ENG"", ""OL_TAM""]"
587660fd-7724-4b76-a5ff-7ebfe0ed5399,11,CMB-01,"[""OL_ICT"", ""OL_ENG""]"
1299265e-0a90-41b4-9a8a-b0a34697763e,11,KOT-01,"[""OL_TAM"", ""OL_ICT"", ""OL_MATH"", ""OL_SIN""]"
8c670764-2e1b-498c-b653-1caab8fee2e6,9,MTL-01,"[""OL_ICT"", ""OL_SIN"", ""OL_TAM""]"
6b735a43-b9a7-4f58-a265-51760347af5e,6,CMB-06,"[""OL_SCI"", ""OL_SIN"", ""OL_ENG""]"
af368b5d-f88f-41a6-9771-d2f40c860588,13,RAJ-01,"[""AL_MATH"", ""AL_ECON"", ""AL_CHEM"", ""AL_BIO""]"
2112c17b-49b7-4e46-9679-1ee0cead7639,11,HOM-01,"[""OL_MATH"", ""OL_SCI"", ""OL_ENG"", ""OL_TAM""]"
b75a6d5a-2563-428b-a8a4-8b786d1e9c68,7,CMB-06,"[""OL_MATH"", ""OL_ENG"", ""OL_SIN""]"
92acb95b-127d-48b9-a50b-26b441769290,8,KOT-01,"[""OL_TAM"", ""OL_MATH""]"
187256e5-ed3c-4143-a67d-96b3a27de0a9,10,MTL-01,"[""OL_MATH"", ""OL_ENG"", ""OL_SIN"", ""OL_ICT""]"
e2b52383-0e4c-4f81-90ed-0368d20f6623,13,CMB-10,"[""AL_BIO"", ""AL_CHEM"", ""AL_PHY""]"
e6deccad-2b26-4b18-b3c9-35af0fba05eb,10,CMB-07,"[""OL_ENG"", ""OL_MATH""]"
48f4b520-fa1b-4e1d-bf89-b5233edf14a3,9,CMB-04,"[""OL_TAM"", ""OL_MATH"", ""OL_SIN""]"
5db35af6-4231-42c3-90fb-f55312522a4d,8,CMB-08,"[""OL_SIN"", ""OL_TAM"", ""OL_ENG""]"
905e96aa-9797-45e6-9ea1-4491a3c108e1,11,CMB-06,"[""OL_TAM"", ""OL_SCI""]"
3de76940-e6cc-459b-b182-38b4999c9124,9,CMB-03,"[""OL_SIN"", ""OL_TAM"", ""OL_MATH""]"
7759a039-2203-4c26-a197-a125ed47e508,6,DEH-01,"[""OL_ICT"", ""OL_TAM""]"
704f0516-313d-47f4-b497-8c1a2c1af9cb,7,MTL-01,"[""OL_MATH"", ""OL_ICT"", ""OL_ENG""]"
b70dd476-eeab-4d35-aeea-d0edf3d9f733,6,DEH-01,"[""OL_SCI"", ""OL_ENG"", ""OL_ICT"", ""OL_MATH""]"
1450f789-4f0b-4d1b-9699-58f2d42a9484,10,CMB-11,"[""OL_ENG"", ""OL_SIN"", ""OL_MATH"", ""OL_SCI""]"
0824159f-a0fc-4bf0-a2cf-be767362c6c4,8,CMB-07,"[""OL_MATH"", ""OL_ICT"", ""OL_TAM""]"
59d19eee-0db0-4838-91fa-00b3fc235b5e,9,HOM-01,"[""OL_TAM"", ""OL_ENG"", ""OL_ICT""]"
449e98d1-c882-4967-b578-c93fc9937df0,8,DEH-01,"[""OL_SCI"", ""OL_ICT"", ""OL_MATH"", ""OL_TAM""]"
7c971320-3bd4-4c01-9401-d27c0b18861a,11,HOM-01,"[""OL_MATH"", ""OL_SCI"", ""OL_ICT""]"
f4576d25-c90a-43da-b1db-696f83a3fdd3,13,CMB-03,"[""AL_BIO"", ""AL_MATH""]"
7a7b0e02-129c-4a17-b0ae-b20e2a6f17dd,7,RAJ-01,"[""OL_SCI"", ""OL_TAM"", ""OL_SIN""]"
323207ae-e038-4145-bbd1-3781696365eb,11,DEH-01,"[""OL_SCI"", ""OL_TAM"", ""OL_MATH""]"
7f087c63-bd8a-4667-b5e5-028ea01dab36,13,CMB-06,"[""AL_ACC"", ""AL_BIO""]"
4b2708de-22e0-4a26-ba81-5349c60d8985,7,BAT-01,"[""OL_ICT"", ""OL_SIN"", ""OL_TAM""]"
849e2a19-4bf4-4061-9e53-add284b4e61f,9,CMB-10,"[""OL_TAM"", ""OL_ENG""]"
2529f382-df0b-49a4-9b8f-899c8accb9a6,11,KOT-01,"[""OL_ICT"", ""OL_ENG""]"
6eff1c1b-8f0e-4b31-89be-c2b70957c229,11,BAT-01,"[""OL_MATH"", ""OL_ICT"", ""OL_SIN""]"
1294b8fa-914d-472d-8ddb-5e0432eb9e13,7,NUG-01,"[""OL_SIN"", ""OL_SCI"", ""OL_ENG""]"
e8eb48d5-e0c5-4786-b2e5-267574850ec5,11,CMB-06,"[""OL_MATH"", ""OL_SIN"", ""OL_ICT"", ""OL_SCI""]"
a536c4c4-347e-49e8-8037-12efa9d15621,7,DEH-01,"[""OL_SIN"", ""OL_ICT"", ""OL_TAM"", ""OL_MATH""]"
72dc7c1f-ffbf-4486-827d-597ee8f3c65e,9,HOM-01,"[""OL_SIN"", ""OL_ICT""]"
54a43d8c-defe-4b2c-aa69-59fd328b60f8,7,MTL-01,"[""OL_ICT"", ""OL_TAM""]"
b30ad0e7-ff02-4b89-9dd5-47a62ec787ca,12,RAJ-01,"[""AL_CHEM"", ""AL_ECON"", ""AL_PHY"", ""AL_MATH""]"
11d7f855-d17c-4abb-a2d0-4248561c7282,7,MAL-01,"[""OL_TAM"", ""OL_ICT""]"
b79a6f35-4377-47e5-ad85-f999c4da6332,13,MTL-01,"[""AL_MATH"", ""AL_BIO"", ""AL_PHY"", ""AL_ECON""]"
e9cf96ab-185d-40d0-8bdf-26367d7f1872,12,CMB-04,"[""AL_MATH"", ""AL_ECON"", ""AL_BIO"", ""AL_PHY""]"
2ad54f32-a1cb-4523-80ea-b372b3f64f0b,13,CMB-03,"[""AL_PHY"", ""AL_ACC""]"
f6fe8335-a40b-472d-b385-2edce6ca15ac,6,CMB-06,"[""OL_SCI"", ""OL_SIN"", ""OL_ENG"", ""OL_ICT""]"
8cd28d9a-933b-400a-ba51-263a0fe0fe85,13,CMB-08,"[""AL_ACC"", ""AL_CHEM""]"
0402553e-faa8-43a5-8921-d7204c55a3c2,10,DEH-01,"[""OL_ICT"", ""OL_ENG"", ""OL_MATH""]"
304c5484-b1a9-4696-8a3f-382595d45a35,6,MAH-01,"[""OL_SCI"", ""OL_ENG"", ""OL_MATH""]"
9ff558f0-c5c0-41a4-ab32-a16fcd6eaff3,11,HOM-01,"[""OL_MATH"", ""OL_TAM""]"
a2f5d537-da90-43e8-8159-ab18f671710e,11,CMB-05,"[""OL_MATH"", ""OL_SCI"", ""OL_SIN""]"
069a287c-a7f6-4d84-8685-3d584e516d51,12,MTL-01,"[""AL_BIO"", ""AL_ACC"", ""AL_ECON"", ""AL_PHY""]"
d28198e8-6a3f-4378-8b94-6a13f544837f,9,CMB-07,"[""OL_SCI"", ""OL_ICT"", ""OL_SIN""]"
7614ac72-9136-426e-9f65-161869001e51,11,RAJ-01,"[""OL_ENG"", ""OL_SCI""]"
6c21e44d-7fcf-4f4d-9e5c-194ea0f8837e,8,CMB-01,"[""OL_ICT"", ""OL_MATH""]"
53e7cede-c772-4a38-8340-1e279fd1e5ac,8,MAL-01,"[""OL_SIN"", ""OL_SCI"", ""OL_MATH"", ""OL_ICT""]"
90564ab1-f476-414b-a157-173d0b9f5bc9,12,BAT-01,"[""AL_ECON"", ""AL_BIO"", ""AL_PHY"", ""AL_ACC""]"
48dfb7b9-9492-48d5-b096-e379931c0abe,12,HOM-01,"[""AL_BIO"", ""AL_CHEM"", ""AL_PHY""]"
51b2afb8-8d08-4193-a65f-1ac072be00ce,8,RAJ-01,"[""OL_MATH"", ""OL_TAM"", ""OL_SIN"", ""OL_ENG""]"
93dad5df-c225-4288-a3f8-e74a0492a0f7,9,MAH-01,"[""OL_SIN"", ""OL_TAM"", ""OL_ENG""]"
9d60b3c6-f8a8-40b3-8380-8b6ec3dc8a77,6,CMB-03,"[""OL_SIN"", ""OL_ENG"", ""OL_MATH"", ""OL_TAM""]"
2ce48e71-1cc1-48aa-a3ad-eab253b883a2,13,CMB-04,"[""AL_ACC"", ""AL_ECON""]"
c945cfe9-c1c2-4807-9e55-84f51305e365,10,BAT-01,"[""OL_MATH"", ""OL_TAM"", ""OL_ICT"", ""OL_SIN""]"
d1a72dd2-fa95-4a1a-98d3-32d604ef34f4,13,CMB-04,"[""AL_ACC"", ""AL_ECON"", ""AL_CHEM"", ""AL_BIO""]"
41caf0c3-a80c-42a5-85a2-adeb2b60d4f9,6,MTL-01,"[""OL_MATH"", ""OL_SIN"", ""OL_TAM"", ""OL_ENG""]"
f361b620-19b2-49bf-8571-5cade48ec72f,13,MTL-01,"[""AL_CHEM"", ""AL_ACC"", ""AL_ECON""]"
6811aba9-e875-4355-bb7a-1fedc9a08f07,8,CMB-03,"[""OL_TAM"", ""OL_ENG"", ""OL_ICT"", ""OL_MATH""]"
dfa1cd60-c948-44af-8bc6-713baefbc9eb,13,CMB-07,"[""AL_MATH"", ""AL_CHEM"", ""AL_ACC"", ""AL_PHY""]"
603e80c3-6fd5-4c2c-ad2a-6789bbf40e3c,13,CMB-04,"[""AL_ECON"", ""AL_MATH""]"
1be9213d-ba54-423e-a45e-fcac4e9f4e76,10,CMB-11,"[""OL_TAM"", ""OL_ENG""]"
68730f43-b88d-4da8-bb68-f348f36c591b,10,CMB-11,"[""OL_ICT"", ""OL_MATH""]"
3f21cda8-ea85-48de-8565-80f2aee60980,8,CMB-06,"[""OL_SIN"", ""OL_ENG"", ""OL_SCI"", ""OL_ICT""]"
19eea493-914b-4143-93d1-f48f45eeff47,9,MAL-01,"[""OL_TAM"", ""OL_MATH""]"
7b377eba-60aa-469c-bc4b-727766a9c490,11,CMB-04,"[""OL_TAM"", ""OL_SCI""]"
99171dfd-272a-4691-8831-3d7d6c0a3a6d,13,RAJ-01,"[""AL_PHY"", ""AL_BIO"", ""AL_ACC""]"
49b195c5-108b-4848-9195-5294ee776817,9,NUG-01,"[""OL_ICT"", ""OL_ENG""]"
f3dc5aa9-1252-424e-a0fb-cde68aec0926,7,CMB-03,"[""OL_SIN"", ""OL_ICT""]"
47f3b543-3b94-4b42-8ad7-52211ff35bec,13,DEH-01,"[""AL_ACC"", ""AL_ECON"", ""AL_PHY""]"
f8481149-66ab-4d93-b3d0-1dcd71222b46,12,KOT-01,"[""AL_CHEM"", ""AL_PHY"", ""AL_BIO""]"
499e3fcd-fd7a-4cfc-9c61-13e1955bfa2c,6,DEH-01,"[""OL_SIN"", ""OL_ENG"", ""OL_MATH""]"
4184c44b-e0cd-4f3b-a80f-fd76608c2420,7,HOM-01,"[""OL_ENG"", ""OL_SIN"", ""OL_ICT"", ""OL_SCI""]"
29d6a34b-b378-4e4d-8326-e34d6dbcd687,10,CMB-11,"[""OL_ENG"", ""OL_TAM""]"
d9da1320-9aee-4d1a-8916-a15d0f115b77,12,BAT-01,"[""AL_ACC"", ""AL_PHY"", ""AL_ECON"", ""AL_CHEM""]"
6d5deefe-e3a2-440e-88a5-517c53f51af9,11,CMB-07,"[""OL_TAM"", ""OL_MATH"", ""OL_ICT""]"
40c3fef9-e0b4-49ab-8390-6569d878680b,7,CMB-01,"[""OL_MATH"", ""OL_TAM"", ""OL_ICT""]"
77d4cc19-2f5a-4807-b9ef-fa1776495df3,13,NUG-01,"[""AL_ACC"", ""AL_CHEM""]"
4cd52a50-fecc-473c-b18e-dcd827268abc,10,CMB-08,"[""OL_MATH"", ""OL_TAM""]"
aff8bfc1-2eaf-42ad-a53b-b287423f74c8,7,CMB-03,"[""OL_ICT"", ""OL_SCI"", ""OL_MATH"", ""OL_ENG""]"
8b055471-ae5a-40e9-a5f6-9849ceaad2d9,7,CMB-04,"[""OL_SCI"", ""OL_SIN"", ""OL_ICT"", ""OL_MATH""]"
aed54dca-808e-4702-b8bb-1a7b1d83c65c,8,CMB-11,"[""OL_SIN"", ""OL_MATH"", ""OL_ICT""]"
a79d7a57-e3ca-4f65-aa0f-b2d81ea89f2e,10,RAJ-01,"[""OL_ICT"", ""OL_ENG"", ""OL_TAM"", ""OL_MATH""]"
e08c31c6-3e3b-464e-86dc-a8e399ec5e62,7,CMB-11,"[""OL_SIN"", ""OL_ICT""]"
c49fccb5-e745-4893-9ec9-42a45f1389e2,11,CMB-03,"[""OL_ENG"", ""OL_SCI"", ""OL_SIN""]"
59298ae6-7d38-4679-95a7-c78e71b82ed5,7,MAL-01,"[""OL_TAM"", ""OL_SIN""]"
af09fd73-1a8c-49f2-843e-2f339d40056a,8,MAL-01,"[""OL_SCI"", ""OL_TAM""]"
5a35dca6-5a6e-4a53-b792-0b0dd570dacb,12,CMB-08,"[""AL_ACC"", ""AL_MATH"", ""AL_BIO"", ""AL_CHEM""]"
c25515ab-b73c-437a-b662-45c428b2cca1,10,CMB-05,"[""OL_MATH"", ""OL_ICT""]"
471355bb-cade-4d2b-979f-91442c61a708,10,BAT-01,"[""OL_SIN"", ""OL_SCI""]"
1e7f3731-b2a9-462d-bc93-4d857cb1f9ab,6,CMB-03,"[""OL_SIN"", ""OL_ENG"", ""OL_SCI"", ""OL_TAM""]"
c2a00eea-3833-4b5c-a118-421e1ab30a09,11,KOT-01,"[""OL_MATH"", ""OL_TAM"", ""OL_SIN"", ""OL_SCI""]"
27face43-1af7-4469-bc85-8f18bdd3e0d5,12,KOT-01,"[""AL_MATH"", ""AL_ECON"", ""AL_PHY"", ""AL_ACC""]"
080651ce-a6cb-468c-806e-3592825723af,12,MAL-01,"[""AL_ECON"", ""AL_ACC""]"
c295602c-a89c-4e02-a870-8d19c7185929,11,MTL-01,"[""OL_ENG"", ""OL_SIN"", ""OL_MATH"", ""OL_ICT""]"
e57aad63-59be-4cb1-8515-b143b19794d7,7,NUG-01,"[""OL_ENG"", ""OL_MATH"", ""OL_SIN"", ""OL_SCI""]"
e6540cf7-c73d-4f03-8a86-78aec571dae3,9,CMB-07,"[""OL_MATH"", ""OL_SIN"", ""OL_SCI"", ""OL_TAM""]"
4e77e094-cc59-4757-910c-f39d10835fd8,12,CMB-05,"[""AL_ACC"", ""AL_CHEM"", ""AL_BIO"", ""AL_MATH""]"
dcdb3fc3-915e-42bd-90cd-14ee31966ab8,13,CMB-08,"[""AL_MATH"", ""AL_PHY""]"
318a7292-efe7-4d1d-93cc-54ae46ec8618,6,CMB-10,"[""OL_SIN"", ""OL_MATH"", ""OL_ENG""]"
e24a75e5-00a4-41b3-a585-c95b78e41825,13,HOM-01,"[""AL_MATH"", ""AL_ACC"", ""AL_CHEM""]"
848a0225-3012-4452-b54e-35f58e4841e7,6,MTL-01,"[""OL_MATH"", ""OL_SIN"", ""OL_ICT"", ""OL_TAM""]"
5c32f474-8030-4140-bd68-d30b39c74118,13,HOM-01,"[""AL_ACC"", ""AL_ECON""]"
aa3cc2c3-5b5a-434d-9308-6f674a66e9fe,9,CMB-04,"[""OL_ICT"", ""OL_SCI""]"
9939d3a6-ac94-4271-87e4-a22db483dc73,13,CMB-01,"[""AL_ECON"", ""AL_MATH"", ""AL_PHY""]"
8007f818-d0d0-411f-ba1e-4e40b509a03b,8,CMB-01,"[""OL_ICT"", ""OL_MATH""]"
140e5117-befc-4512-bdc0-72aa3b7be869,10,CMB-05,"[""OL_TAM"", ""OL_SCI"", ""OL_MATH""]"
2029f29d-b76d-4b30-9d6e-4ef7e6761382,7,CMB-05,"[""OL_TAM"", ""OL_ICT"", ""OL_SCI""]"
8d5e032d-a1d4-41bd-aaf4-b72336d5e1d0,7,CMB-08,"[""OL_ENG"", ""OL_SIN"", ""OL_ICT""]"
bbd034df-4b24-4480-864f-ce42112adee3,7,HOM-01,"[""OL_ENG"", ""OL_SCI""]"
3079feef-11e7-4294-ad97-3ff0f90b618d,6,CMB-07,"[""OL_MATH"", ""OL_ICT"", ""OL_ENG""]"
95a44251-5894-49f5-974d-a0d31365f082,8,RAJ-01,"[""OL_ICT"", ""OL_ENG""]"
a97e18b3-35be-46b1-9cdd-b1e2bd97eff9,8,BAT-01,"[""OL_TAM"", ""OL_MATH""]"
a198b3ef-6a2c-4789-93cd-01f189358251,8,CMB-05,"[""OL_TAM"", ""OL_SIN"", ""OL_SCI"", ""OL_MATH""]"
bdaff79c-e9a1-4839-af77-bcb778f1a2e1,13,CMB-04,"[""AL_MATH"", ""AL_PHY""]"
60723b75-76d5-4d84-8c66-14b648fcfbe8,7,DEH-01,"[""OL_ICT"", ""OL_SIN"", ""OL_SCI""]"
04664c2e-e802-487d-8cd7-002d20d6b013,9,CMB-06,"[""OL_ENG"", ""OL_TAM"", ""OL_SIN"", ""OL_SCI""]"
b1c28944-9604-420b-939c-6960e1ee271f,9,CMB-07,"[""OL_ICT"", ""OL_MATH"", ""OL_SCI"", ""OL_ENG""]"
b5e752a7-c85a-486d-bbce-4edb2bcd6eec,13,CMB-04,"[""AL_CHEM"", ""AL_ACC"", ""AL_BIO"", ""AL_MATH""]"
2352a200-9988-47a4-89a2-fd7f1aa32ca0,9,CMB-08,"[""OL_TAM"", ""OL_MATH""]"
49fa78d2-4e9c-4afa-b851-22cc4d0466a9,11,HOM-01,"[""OL_SCI"", ""OL_SIN"", ""OL_ICT"", ""OL_TAM""]"
a9f6908a-4761-4daa-af54-d8b5be72e9dc,6,CMB-08,"[""OL_SCI"", ""OL_SIN""]"
67c9c2f5-78de-452e-89a9-7ca34775ec4e,13,CMB-07,"[""AL_ACC"", ""AL_MATH""]"
8b362673-10e2-476e-b37e-482258b0ea8f,6,NUG-01,"[""OL_SCI"", ""OL_SIN"", ""OL_ENG""]"
26754128-ae5d-471a-bcdb-8c722e1abe31,11,BAT-01,"[""OL_MATH"", ""OL_ICT""]"
46f92517-b490-4b3f-a069-198b9f337cc4,8,CMB-07,"[""OL_SIN"", ""OL_TAM""]"
a402ab31-5737-4dd6-8925-82f21d5b6f3b,7,CMB-04,"[""OL_ICT"", ""OL_SIN""]"
27074d06-c78c-419b-8d46-14af665cc7e0,11,RAJ-01,"[""OL_ICT"", ""OL_ENG""]"
9edd5bb1-fb57-4193-8966-0924c1c89212,9,CMB-05,"[""OL_SCI"", ""OL_MATH"", ""OL_ICT""]"
74a659c0-e716-41e6-b06a-153ebcec363c,12,CMB-08,"[""AL_PHY"", ""AL_MATH"", ""AL_BIO""]"
ac99e812-bc54-4e7b-8d5c-9c9195d0d77f,13,CMB-03,"[""AL_PHY"", ""AL_ACC"", ""AL_BIO""]"
05aa817e-0492-40ea-b2c5-c9e207fc3564,8,KOT-01,"[""OL_SCI"", ""OL_SIN"", ""OL_ICT""]"
5c310e12-4f3f-47ac-82be-604659d54454,11,CMB-11,"[""OL_ENG"", ""OL_SCI""]"
d44dd42a-9cfd-488e-aa07-4a3c805a2126,6,CMB-03,"[""OL_SCI"", ""OL_MATH"", ""OL_SIN""]"
cb7cd53f-9b99-48f4-9164-42c873bdab94,13,RAJ-01,"[""AL_CHEM"", ""AL_PHY""]"
e5f354db-30d0-4f29-9a83-4e1f70efd091,10,CMB-07,"[""OL_TAM"", ""OL_SCI"", ""OL_ICT"", ""OL_MATH""]"
281258d2-b1b5-42d7-bc8a-29526a80bc4d,12,MAH-01,"[""AL_PHY"", ""AL_ECON"", ""AL_BIO""]"
a6233630-a23d-46a8-8e01-a84ba5d6a3fe,13,CMB-11,"[""AL_ACC"", ""AL_BIO""]"
79305584-d657-4d71-9467-edc02b021952,9,CMB-10,"[""OL_SIN"", ""OL_TAM"", ""OL_SCI""]"
9e2bb467-15fe-4b54-ad6d-ce28fee22e16,8,CMB-01,"[""OL_MATH"", ""OL_ICT"", ""OL_SIN""]"
41a09a8e-a8c2-4f1f-9c68-6f90a24ddd07,6,RAJ-01,"[""OL_SIN"", ""OL_ICT"", ""OL_MATH"", ""OL_SCI""]"
8e1e4e9f-cab3-474b-bcad-85cd2e1b81fd,13,CMB-10,"[""AL_ECON"", ""AL_MATH""]"
657dcb5c-6436-465a-8606-1fa2dcffc6dd,12,CMB-08,"[""AL_CHEM"", ""AL_ACC""]"
d164eb6a-fe4e-47a7-9330-28111e6fabda,9,CMB-04,"[""OL_SIN"", ""OL_ENG""]"
213d8f51-5737-403e-b678-606238c550d9,8,BAT-01,"[""OL_ICT"", ""OL_TAM"", ""OL_MATH"", ""OL_SCI""]"
2d559342-2fef-404c-b149-0b8639918baa,13,CMB-06,"[""AL_BIO"", ""AL_PHY"", ""AL_CHEM"", ""AL_ACC""]"
8bbb3666-18f6-4bfe-badb-b260b187f619,13,CMB-01,"[""AL_MATH"", ""AL_BIO"", ""AL_CHEM"", ""AL_ECON""]"
9966e07e-e839-4abb-a0ea-2a42402f04fe,6,DEH-01,"[""OL_ENG"", ""OL_TAM"", ""OL_SCI""]"
ae7fce2b-14a1-425b-b7b5-1112204b45c8,7,MTL-01,"[""OL_MATH"", ""OL_TAM"", ""OL_ENG"", ""OL_ICT""]"
7be47df3-2a2a-4667-ac2e-4e84141391cd,7,KOT-01,"[""OL_SIN"", ""OL_TAM"", ""OL_MATH""]"
668467fa-909e-4871-aa0a-5011b8afd5b9,11,NUG-01,"[""OL_ICT"", ""OL_TAM""]"
5d25135e-228a-42cc-8f51-f8eb4c02d284,7,HOM-01,"[""OL_SCI"", ""OL_ICT"", ""OL_ENG"", ""OL_MATH""]"
591b8825-3f96-405a-9947-4d94258fb594,7,MAL-01,"[""OL_TAM"", ""OL_SCI"", ""OL_ICT"", ""OL_SIN""]"
61dd6304-aff8-49bb-aec6-2c7beaf4d4dd,11,CMB-11,"[""OL_ICT"", ""OL_SIN"", ""OL_ENG"", ""OL_MATH""]"
4b0037db-cc94-480d-8437-f108441f5d4a,7,NUG-01,"[""OL_SIN"", ""OL_ICT"", ""OL_MATH""]"
12121325-960d-402f-b842-0a0e2ab40094,13,HOM-01,"[""AL_ECON"", ""AL_CHEM"", ""AL_BIO"", ""AL_ACC""]"
5ffbe7a4-e8d7-46b2-8699-90de286f862e,11,CMB-04,"[""OL_SIN"", ""OL_MATH""]"
4fc3f722-8cbd-4ac6-b651-345288a10eb2,7,KOT-01,"[""OL_ENG"", ""OL_MATH""]"
2ba4d6b1-2249-49e4-8c55-cbb8e9e30370,7,CMB-07,"[""OL_MATH"", ""OL_SCI"", ""OL_SIN""]"
f47e36d2-b0f3-431a-bf83-0058a7479fe7,8,CMB-08,"[""OL_ICT"", ""OL_MATH"", ""OL_ENG"", ""OL_SCI""]"
beb550a6-77e1-4d2e-a420-ddb37cc134e9,8,MAL-01,"[""OL_SIN"", ""OL_ICT"", ""OL_MATH""]"
824e572c-9aeb-4465-9ecd-90f0b689cf97,10,CMB-08,"[""OL_MATH"", ""OL_SCI""]"
bd5d8723-ff18-47fe-b532-e075ab54f979,11,RAJ-01,"[""OL_ENG"", ""OL_ICT"", ""OL_SIN"", ""OL_TAM""]"
9e03d0fc-b9bd-4361-b74c-f665e9e551bd,13,BAT-01,"[""AL_ECON"", ""AL_PHY"", ""AL_CHEM""]"
11edccdd-9ea4-4466-a47b-a2b599ce3d7e,8,CMB-11,"[""OL_SIN"", ""OL_ENG""]"
a49881dd-0b40-4442-8171-ee4511e2b319,10,CMB-03,"[""OL_ENG"", ""OL_ICT""]"
540af191-db6b-40ff-9079-d281d3e2d96f,13,CMB-07,"[""AL_PHY"", ""AL_ECON"", ""AL_CHEM"", ""AL_MATH""]"
189e2e16-352f-4f22-9959-90ca1e8989d1,8,CMB-06,"[""OL_SCI"", ""OL_MATH""]"
c95492e3-f1e7-4c5f-a467-946cc1f4014d,6,MTL-01,"[""OL_SCI"", ""OL_SIN"", ""OL_ENG"", ""OL_ICT""]"
c70434c1-3956-4bb1-a6a8-1f5fa017a16e,8,CMB-08,"[""OL_ICT"", ""OL_MATH"", ""OL_ENG"", ""OL_SCI""]"
9be04687-678c-4908-bb34-72f3501b95e0,8,NUG-01,"[""OL_TAM"", ""OL_SCI"", ""OL_ENG""]"
18127025-c867-414c-82d4-9c3fb01eef8f,7,CMB-01,"[""OL_SIN"", ""OL_SCI"", ""OL_ICT""]"
ef7a5585-57a6-4693-965e-861e86db2883,11,CMB-06,"[""OL_ICT"", ""OL_TAM""]"
0f00a61d-5329-4dd1-a600-5af9bef5b191,11,DEH-01,"[""OL_ENG"", ""OL_TAM"", ""OL_SCI""]"
91b9ff5a-2f6d-4693-bdc2-4bdc1d83a953,13,MTL-01,"[""AL_MATH"", ""AL_BIO"", ""AL_ACC"", ""AL_ECON""]"
01bfae14-238c-4d0f-aa7c-068c80565ba4,7,DEH-01,"[""OL_SIN"", ""OL_TAM""]"
2b6b522d-c24e-4ec9-98e8-18f5a19c355f,9,BAT-01,"[""OL_MATH"", ""OL_ENG"", ""OL_ICT""]"
3a9e7ee0-24a9-4fda-ae6d-417be8c79869,9,MAH-01,"[""OL_ENG"", ""OL_SCI""]"
c57103ae-ba30-472c-9d21-09e83fcf295f,6,CMB-04,"[""OL_SIN"", ""OL_MATH"", ""OL_ICT"", ""OL_TAM""]"
4760b2ea-8e29-42a2-bd64-a4df0243b6fe,13,MTL-01,"[""AL_ECON"", ""AL_ACC"", ""AL_MATH"", ""AL_CHEM""]"
dc9fd0f5-1ff7-4632-8e78-b9833d05f003,11,KOT-01,"[""OL_ICT"", ""OL_SIN""]"
de123512-6558-4619-93f8-3cd58516e17c,11,KOT-01,"[""OL_MATH"", ""OL_ENG"", ""OL_TAM""]"
b1ef970e-27df-4e72-8192-7e1ff43829a8,11,DEH-01,"[""OL_TAM"", ""OL_MATH"", ""OL_SCI""]"
ce8b2112-3d69-494b-8243-2c2b255d9990,13,RAJ-01,"[""AL_CHEM"", ""AL_PHY"", ""AL_BIO""]"
4ac7f7b7-02e2-4960-8d7d-c64a056e1310,12,CMB-06,"[""AL_ECON"", ""AL_MATH"", ""AL_PHY"", ""AL_ACC""]"
910fafc9-1746-4266-9b4f-9c8bdf729fff,10,MAL-01,"[""OL_ENG"", ""OL_MATH"", ""OL_SIN"", ""OL_TAM""]"
42895004-a2bb-4761-897d-b358430f3dbb,6,RAJ-01,"[""OL_ENG"", ""OL_SIN"", ""OL_SCI"", ""OL_ICT""]"
44e0eef8-86f8-402f-a66e-1c71b13127d2,13,CMB-06,"[""AL_PHY"", ""AL_BIO""]"
03ca1d93-d9d4-401f-b92c-3de290655409,10,HOM-01,"[""OL_MATH"", ""OL_ENG"", ""OL_TAM""]"
fa8d5913-87a5-42b4-bc64-675611533beb,13,HOM-01,"[""AL_BIO"", ""AL_PHY"", ""AL_MATH"", ""AL_ACC""]"
8a87885b-e355-4402-9c81-f97e8fd5a92a,8,CMB-11,"[""OL_ICT"", ""OL_SIN"", ""OL_MATH""]"
cc9b81be-f54c-40bb-93e3-7985954110b5,10,RAJ-01,"[""OL_SIN"", ""OL_SCI""]"
a0d02553-aacc-49d8-ac6e-c53a9127bb67,6,CMB-05,"[""OL_SIN"", ""OL_MATH"", ""OL_ENG""]"
946ce5e4-9869-4848-8818-19682c7c2da8,13,RAJ-01,"[""AL_ACC"", ""AL_BIO"", ""AL_MATH""]"
91b0210f-2fd9-47a0-8f6e-c7f1a5c1e890,11,MAH-01,"[""OL_TAM"", ""OL_MATH"", ""OL_ENG"", ""OL_ICT""]"
6f2b965a-c1da-4687-9942-909682a9d239,6,CMB-06,"[""OL_SIN"", ""OL_SCI"", ""OL_ENG""]"
6c479b16-8e96-4cad-ba92-75a38a0160eb,8,CMB-03,"[""OL_ENG"", ""OL_SIN"", ""OL_ICT""]"
a2662709-36e3-4084-8d11-27dd634b4f99,6,DEH-01,"[""OL_TAM"", ""OL_MATH"", ""OL_SCI""]"
6ce9d9f3-4aa3-4936-bca9-acbc3a021b0d,8,CMB-05,"[""OL_SCI"", ""OL_TAM"", ""OL_ENG"", ""OL_ICT""]"
e9e475ff-3175-4dc0-8776-ae401e35ffa0,10,CMB-11,"[""OL_ICT"", ""OL_ENG"", ""OL_MATH"", ""OL_TAM""]"
7f049fae-184b-4d4b-9a0c-27fa2029c891,11,CMB-06,"[""OL_SCI"", ""OL_TAM""]"
623f6baa-81e1-452f-a6c6-71901d02b1e1,10,NUG-01,"[""OL_SIN"", ""OL_ENG"", ""OL_SCI""]"
2cd66e4b-571c-4d25-b850-3a7b5e792c95,7,CMB-08,"[""OL_TAM"", ""OL_SCI""]"
78fbc3b3-cf1a-41e4-925e-f1d8d8f69e23,9,HOM-01,"[""OL_ICT"", ""OL_TAM"", ""OL_MATH"", ""OL_SCI""]"
d0ca42f3-a339-42db-8162-c10bae9f8831,13,CMB-04,"[""AL_PHY"", ""AL_MATH""]"
8bd8f43f-d300-46aa-a515-4e00c6620d67,13,NUG-01,"[""AL_ACC"", ""AL_CHEM"", ""AL_PHY""]"
64175444-3c38-4ef1-add0-f56a41cc356c,13,MAH-01,"[""AL_PHY"", ""AL_CHEM"", ""AL_MATH""]"
a8e1a934-e2e1-45a2-8d09-a4f2d6003009,7,CMB-10,"[""OL_ICT"", ""OL_SCI""]"
5aa564e8-8e9c-4573-aed0-5e5fabaa9fb0,9,DEH-01,"[""OL_SCI"", ""OL_ICT""]"
04348eb0-0335-4a91-997f-965a62cfbd60,7,RAJ-01,"[""OL_MATH"", ""OL_ICT"", ""OL_TAM"", ""OL_SCI""]"
e69aa9ed-5bff-49e3-8e4f-86f3854d24bd,12,CMB-03,"[""AL_MATH"", ""AL_ACC""]"
1714f1b4-4a25-4917-a8f2-b3bae5e9ee9a,6,MAL-01,"[""OL_ENG"", ""OL_MATH""]"
4c75869b-c116-4fc0-b35a-1e9ab5809f10,7,DEH-01,"[""OL_MATH"", ""OL_ICT"", ""OL_TAM"", ""OL_ENG""]"
5ae87eed-8b72-495a-86f5-ef36ae90d7d5,9,CMB-08,"[""OL_ICT"", ""OL_ENG""]"
c1bae9bb-672c-4c30-85c6-8c32a6a83524,6,CMB-04,"[""OL_ICT"", ""OL_ENG""]"
4e518a74-c7af-468b-b3eb-36cd41046a62,11,NUG-01,"[""OL_TAM"", ""OL_ICT""]"
0d198c4e-5061-4911-ac3e-742f14752399,9,MAH-01,"[""OL_MATH"", ""OL_ICT"", ""OL_TAM"", ""OL_ENG""]"
6a94d620-86d1-4223-b7bb-d8408e5b5f59,9,CMB-08,"[""OL_SCI"", ""OL_TAM"", ""OL_MATH""]"
69486b0c-41c7-48a7-978b-7e5fedc55b40,7,CMB-08,"[""OL_ICT"", ""OL_SIN"", ""OL_ENG"", ""OL_TAM""]"
580fa1fc-0284-4bb4-b645-ef12d9d1dc9c,8,BAT-01,"[""OL_MATH"", ""OL_SCI"", ""OL_ENG"", ""OL_TAM""]"
e42d331b-9c89-43fa-9ace-b2b09584b215,12,CMB-08,"[""AL_PHY"", ""AL_BIO"", ""AL_MATH"", ""AL_ACC""]"
d3cfeca5-c25d-45dd-bc4d-8e028d75f7b4,7,BAT-01,"[""OL_TAM"", ""OL_SCI""]"
67a7e963-93b4-428d-85e0-afe37d4a5361,13,NUG-01,"[""AL_CHEM"", ""AL_ECON"", ""AL_MATH"", ""AL_BIO""]"
20fa0dcb-ad9b-431a-9246-2b709ad39fce,11,MAL-01,"[""OL_SIN"", ""OL_ENG""]"
42b8174e-6445-4046-acec-c1938ee1f4fb,13,DEH-01,"[""AL_BIO"", ""AL_PHY"", ""AL_ACC"", ""AL_ECON""]"
01f1a876-93dd-4f34-ac5c-8bb0d9264497,12,CMB-08,"[""AL_BIO"", ""AL_CHEM""]"
40573124-eb84-4819-a5b0-9b2de0c3eb60,8,CMB-01,"[""OL_SIN"", ""OL_MATH"", ""OL_ICT"", ""OL_SCI""]"
a648d9be-1f42-4ea2-8405-b584e446dba2,7,CMB-05,"[""OL_SIN"", ""OL_ICT""]"
778cc370-f223-41b3-87e7-7588b15eecb3,7,CMB-07,"[""OL_ENG"", ""OL_SCI""]"
0514ea05-6b34-419d-b0b4-af660e6f8c10,11,CMB-08,"[""OL_SIN"", ""OL_MATH"", ""OL_SCI"", ""OL_ICT""]"
6b09beac-76f3-4897-8e96-792e399fa21d,13,CMB-11,"[""AL_ECON"", ""AL_ACC"", ""AL_CHEM"", ""AL_BIO""]"
1569f5d2-f3dd-40f3-8f2b-13421194c5b5,12,NUG-01,"[""AL_ACC"", ""AL_ECON"", ""AL_BIO""]"
d9002003-f7c9-41cf-8e7c-e93967b8f78a,13,MAH-01,"[""AL_PHY"", ""AL_BIO"", ""AL_MATH""]"
8fedc7f1-c249-4747-bb61-d82988e9a2de,7,CMB-11,"[""OL_SIN"", ""OL_SCI"", ""OL_TAM""]"
0ddc174c-c569-4d7c-be0b-6e2fad64c48f,6,CMB-05,"[""OL_MATH"", ""OL_ICT"", ""OL_SIN"", ""OL_ENG""]"
1ab3febd-6bdb-4b25-9efc-73bde85b7c93,6,CMB-07,"[""OL_TAM"", ""OL_ENG"", ""OL_SCI""]"
dc651da0-599e-484d-be33-845cf6bb07c4,10,CMB-05,"[""OL_ICT"", ""OL_TAM""]"
8f3b3c69-7dbe-4ef4-8748-52dd8c5d81fa,13,BAT-01,"[""AL_CHEM"", ""AL_BIO""]"
e6c3d9c8-7bdf-403f-82cd-92d56f5358a0,13,MAH-01,"[""AL_ECON"", ""AL_CHEM"", ""AL_MATH""]"
70e111ad-949f-4cac-a78a-4aa60d31abac,6,RAJ-01,"[""OL_SIN"", ""OL_ICT""]"
a4202e75-21e7-4afe-83c2-0cb715643c16,11,KOT-01,"[""OL_SIN"", ""OL_MATH"", ""OL_TAM""]"
9900e0dd-ad4b-455c-8800-b958f316973a,8,HOM-01,"[""OL_ENG"", ""OL_SCI"", ""OL_SIN"", ""OL_TAM""]"
c7806f8c-ee5a-4a2c-8618-2c9ada96a199,8,DEH-01,"[""OL_SIN"", ""OL_ICT"", ""OL_MATH"", ""OL_ENG""]"
ead2e1d8-ae31-4b69-a99d-7f1ac0c35408,13,HOM-01,"[""AL_ECON"", ""AL_ACC"", ""AL_BIO"", ""AL_PHY""]"
3ec40827-2c6f-4676-8c89-9650f2e2ae21,8,MAH-01,"[""OL_SIN"", ""OL_ENG""]"
e7300ab7-714b-4e1b-97f8-b042547239ed,13,KOT-01,"[""AL_ACC"", ""AL_CHEM"", ""AL_ECON"", ""AL_PHY""]"
4e3e77b3-8e75-4143-8638-42881e3b30d6,6,CMB-01,"[""OL_MATH"", ""OL_SCI"", ""OL_ENG"", ""OL_TAM""]"
f7f8fcda-2e16-4869-8d77-8dc0f5c0d452,6,MTL-01,"[""OL_MATH"", ""OL_SIN"", ""OL_ENG""]"
e3f698e6-d767-484b-a910-e0f3b8951b13,11,RAJ-01,"[""OL_MATH"", ""OL_SCI"", ""OL_TAM""]"
92b0707d-fbfb-4e6c-a0bf-004d56cf1642,9,DEH-01,"[""OL_MATH"", ""OL_ICT"", ""OL_ENG"", ""OL_TAM""]"
e2be6b12-cd09-4408-96c5-588a7b724adb,11,CMB-07,"[""OL_TAM"", ""OL_ENG""]"
05d9969e-5ccf-49b6-8549-d565708c9b1c,6,BAT-01,"[""OL_SIN"", ""OL_TAM"", ""OL_ICT"", ""OL_SCI""]"
9a4b09da-b1fb-4944-98c6-0d8eb3968140,6,MAL-01,"[""OL_MATH"", ""OL_ENG"", ""OL_SIN"", ""OL_TAM""]"
cd367d7d-ca73-4cd2-a78b-c2167343b6f5,12,MTL-01,"[""AL_MATH"", ""AL_BIO"", ""AL_ACC"", ""AL_CHEM""]"
3007bc26-249a-49c1-ad15-c869057f27b4,9,MTL-01,"[""OL_TAM"", ""OL_ENG"", ""OL_SCI""]"
46a46bbc-ddf2-494f-820e-7f34e51abfb3,10,NUG-01,"[""OL_SCI"", ""OL_SIN"", ""OL_MATH""]"
30d35aea-1cf1-43be-8843-8c1f8da09760,9,DEH-01,"[""OL_MATH"", ""OL_ENG"", ""OL_SIN""]"
a3fd56c5-fe8d-4517-a9a0-991cf96a8de1,9,CMB-04,"[""OL_TAM"", ""OL_MATH"", ""OL_ENG"", ""OL_SCI""]"
6d6bcb8b-f6b4-4b83-b96b-7f0eccc69860,7,MAH-01,"[""OL_SIN"", ""OL_SCI"", ""OL_ENG""]"
19cf7585-07cf-49bd-b64d-37ec1cc2116c,7,DEH-01,"[""OL_ENG"", ""OL_SIN"", ""OL_ICT"", ""OL_MATH""]"
0ca6b5d3-7d49-41d8-a7c8-5318a2b77e07,12,KOT-01,"[""AL_ECON"", ""AL_ACC"", ""AL_BIO""]"
6a60b3f9-8ae5-4325-8c0a-52b61fb86b03,8,CMB-01,"[""OL_ICT"", ""OL_TAM"", ""OL_SCI"", ""OL_ENG""]"
676b15bb-2410-4b86-8868-7c90a5c87e9a,13,CMB-08,"[""AL_ACC"", ""AL_BIO"", ""AL_CHEM"", ""AL_ECON""]"
28b9067a-13f2-43e8-998d-c3ff70165f15,12,CMB-03,"[""AL_PHY"", ""AL_CHEM"", ""AL_BIO"", ""AL_MATH""]"
c6dadc69-d12c-48d7-8d1d-f6667ef15063,9,CMB-06,"[""OL_ICT"", ""OL_ENG"", ""OL_SIN"", ""OL_SCI""]"
06efc077-6a66-43d2-abb8-089edf41ef59,11,CMB-04,"[""OL_SCI"", ""OL_SIN"", ""OL_ENG"", ""OL_ICT""]"
48dfd219-8998-435f-a408-ddace24bba88,8,CMB-11,"[""OL_TAM"", ""OL_SCI"", ""OL_SIN"", ""OL_MATH""]"
14445b93-f36f-4b37-947e-1643d630dafa,7,CMB-06,"[""OL_MATH"", ""OL_SCI""]"
1b1ab4e5-5533-4c3e-aef0-6f88d1bf9c3f,10,BAT-01,"[""OL_TAM"", ""OL_SIN"", ""OL_ICT""]"
f26c2041-f3d5-4a5a-9729-948cf707e6c3,6,CMB-08,"[""OL_ENG"", ""OL_SCI""]"
df8ba5ae-7145-4de0-b725-0f3ebfe2e58a,6,CMB-11,"[""OL_ICT"", ""OL_TAM"", ""OL_SCI""]"
5c7ba2f2-362b-4948-9d66-e6eeb7a747f6,6,MAL-01,"[""OL_MATH"", ""OL_ICT""]"
e310ec0d-ff54-4768-bc49-4f42fb525766,11,DEH-01,"[""OL_SIN"", ""OL_ENG""]"
70378147-3cd3-4cd2-9760-b8c76805f7d3,7,KOT-01,"[""OL_SCI"", ""OL_ICT"", ""OL_MATH"", ""OL_ENG""]"
220b13ac-cf74-473b-b6bb-0beb76e5216a,7,MAH-01,"[""OL_TAM"", ""OL_ICT"", ""OL_ENG"", ""OL_SCI""]"
1cb7009d-1a53-4083-80d4-440dc3fb809a,7,CMB-10,"[""OL_MATH"", ""OL_ENG"", ""OL_TAM"", ""OL_SIN""]"
eae5f671-3202-4d10-8c2e-0b4efefc33ec,12,CMB-10,"[""AL_PHY"", ""AL_ACC"", ""AL_MATH""]"
721cc0dc-05fa-43ae-8a4e-d271fc5fc843,8,CMB-08,"[""OL_SIN"", ""OL_ICT"", ""OL_ENG""]"
62aee647-8d60-42e8-b25c-4a3855baa397,6,MAL-01,"[""OL_ENG"", ""OL_MATH"", ""OL_ICT"", ""OL_SIN""]"
b78293bc-45b2-4fb9-b3d9-b8f71ad66ddd,12,MAL-01,"[""AL_PHY"", ""AL_CHEM"", ""AL_ACC"", ""AL_BIO""]"
7af44819-0b25-4ee5-993e-59502443e298,13,NUG-01,"[""AL_MATH"", ""AL_ECON"", ""AL_ACC""]"
1e6d3002-4df0-4e19-adb3-718091e6e4a6,6,CMB-10,"[""OL_TAM"", ""OL_SIN"", ""OL_ENG""]"
4417d342-19ac-4673-8d96-dd93c35bd6fd,11,CMB-05,"[""OL_SCI"", ""OL_SIN"", ""OL_TAM"", ""OL_MATH""]"
af6f64f8-f295-4999-90ab-3d6fc4b3d89d,12,CMB-11,"[""AL_MATH"", ""AL_PHY"", ""AL_CHEM""]"
f9314c5d-3cc5-4cb1-95e6-cbd06d963f57,9,CMB-07,"[""OL_ICT"", ""OL_ENG"", ""OL_SIN""]"
8a4e4ae5-e33a-4487-8fdc-0fcdbbddbe2b,6,CMB-11,"[""OL_SIN"", ""OL_ICT""]"
a4743f7f-efd3-4ebb-9fe7-36459c83dd0a,12,MTL-01,"[""AL_BIO"", ""AL_MATH"", ""AL_PHY"", ""AL_CHEM""]"
66aa02f9-fac7-4311-b78d-77ce4fb5ea50,10,MAH-01,"[""OL_ENG"", ""OL_SIN""]"
8dbdd050-4d62-4d7d-abe5-e085999d3516,11,BAT-01,"[""OL_MATH"", ""OL_ICT"", ""OL_SCI"", ""OL_ENG""]"
df1a9bf0-7a13-474d-b002-4d902f69a7ac,13,CMB-06,"[""AL_BIO"", ""AL_PHY""]"
fe3168a2-fb43-46f5-ac46-f0744623958c,10,MTL-01,"[""OL_MATH"", ""OL_ICT"", ""OL_SCI"", ""OL_TAM""]"
abbcd39b-b704-417d-a23a-eea8640d3750,8,RAJ-01,"[""OL_SIN"", ""OL_ICT"", ""OL_SCI""]"
672f4896-782e-449f-a599-44e7b8373f08,10,CMB-07,"[""OL_TAM"", ""OL_ENG"", ""OL_ICT"", ""OL_MATH""]"
807386e1-479b-4511-b71a-45c58525d757,7,RAJ-01,"[""OL_SCI"", ""OL_SIN"", ""OL_TAM""]"
f33da00b-f757-4ba0-a47e-478b0b40b8e7,9,CMB-01,"[""OL_TAM"", ""OL_ICT""]"
426e79b4-860f-487d-a202-769d6c445252,9,CMB-04,"[""OL_SCI"", ""OL_ENG"", ""OL_ICT""]"
aa2c1d31-8e00-4b13-837c-84e79e1d8a11,6,KOT-01,"[""OL_SIN"", ""OL_TAM"", ""OL_ENG"", ""OL_MATH""]"
615efe93-3c40-4f54-9f74-495f44e6e55f,7,NUG-01,"[""OL_TAM"", ""OL_MATH""]"
8602ad57-2efa-474b-b5f7-679644a167ac,6,MAH-01,"[""OL_SIN"", ""OL_ICT"", ""OL_MATH""]"
03c294f0-3391-4bdb-a655-254f088c630d,9,CMB-08,"[""OL_ENG"", ""OL_ICT""]"
3f353cbb-e5b3-4d91-9b65-6ab6c657946f,13,KOT-01,"[""AL_BIO"", ""AL_PHY""]"
d354f99e-9e0b-42ea-ba1d-000bd20b2746,9,DEH-01,"[""OL_ICT"", ""OL_SCI"", ""OL_SIN"", ""OL_MATH""]"
f18b4783-5994-470f-a0dd-d656862a6e42,12,CMB-06,"[""AL_CHEM"", ""AL_ACC""]"
f7357fc2-addc-4950-9f29-7b37374c5f73,9,BAT-01,"[""OL_ENG"", ""OL_TAM""]"
a79e727f-27bf-4d4a-a9d5-1a26a191cfa2,13,CMB-04,"[""AL_BIO"", ""AL_PHY""]"
62b30921-889d-4fc9-b2a0-754c9374200c,11,KOT-01,"[""OL_SCI"", ""OL_SIN"", ""OL_TAM"", ""OL_ENG""]"
4f51f551-7091-4d21-a624-d49f6a00e3dc,10,CMB-04,"[""OL_TAM"", ""OL_MATH""]"
e5eaa8f1-15d7-4885-a20b-da85236217d5,6,MTL-01,"[""OL_SIN"", ""OL_ENG""]"
af98703f-121f-4023-9aa4-03e89fe69b63,6,CMB-01,"[""OL_TAM"", ""OL_ICT"", ""OL_SIN""]"
ada14bbf-8a76-4c25-9fac-69e4315a3552,10,KOT-01,"[""OL_ENG"", ""OL_SCI"", ""OL_MATH"", ""OL_ICT""]"
ae3f9044-e566-475f-98d6-e1b1894c1b93,8,CMB-11,"[""OL_TAM"", ""OL_SIN""]"
4b6bddfd-e0ec-4316-9e06-11a2a6a89157,11,BAT-01,"[""OL_MATH"", ""OL_ENG""]"
746237cd-704a-4c55-bfe6-44dd12ce7ac9,12,CMB-06,"[""AL_MATH"", ""AL_CHEM"", ""AL_ACC""]"
49bf9884-1522-4dd9-8543-726a9ddb1565,8,MAL-01,"[""OL_ICT"", ""OL_ENG"", ""OL_SIN""]"
d9c9726d-61f7-4fad-8f4d-88cc84c26256,10,CMB-11,"[""OL_ENG"", ""OL_TAM"", ""OL_ICT"", ""OL_SCI""]"
ccf515ce-94e4-40f9-9711-8bb78e56b57d,8,MTL-01,"[""OL_SIN"", ""OL_SCI"", ""OL_ICT"", ""OL_MATH""]"
477fb4b3-9ade-47b3-9942-14c404610224,9,CMB-06,"[""OL_SCI"", ""OL_ICT""]"
2eba7d70-d254-4e80-9f86-98712de322a8,6,MAL-01,"[""OL_SCI"", ""OL_SIN"", ""OL_TAM""]"
efb9dbd3-ab16-40ec-9bb9-8752f3f13f6c,7,MAL-01,"[""OL_SIN"", ""OL_ENG""]"
ea11f0fb-e3aa-43b6-bd44-5da89978c0ac,13,BAT-01,"[""AL_MATH"", ""AL_PHY"", ""AL_ACC""]"
623ac9ea-04a3-4877-86bf-f6de027d90e5,11,CMB-04,"[""OL_ENG"", ""OL_SCI""]"
c797400d-0cba-4cca-b2a7-ed1e892f0260,8,MAH-01,"[""OL_TAM"", ""OL_ICT"", ""OL_SCI""]"
3a0e3583-10c8-4017-8797-7a1043060162,6,MAH-01,"[""OL_SCI"", ""OL_SIN"", ""OL_MATH"", ""OL_TAM""]"
a1cd8ea5-f338-4e82-af5c-2e97e399eb12,13,CMB-05,"[""AL_MATH"", ""AL_CHEM"", ""AL_ACC""]"
dc993d2a-6447-4e53-bec0-e543a2e61fd9,12,NUG-01,"[""AL_MATH"", ""AL_CHEM"", ""AL_PHY"", ""AL_ACC""]"
f74025c1-819f-49e8-b010-afd2a4a95aa6,7,BAT-01,"[""OL_ICT"", ""OL_SIN"", ""OL_TAM"", ""OL_ENG""]"
ad472afe-56e8-416a-975e-3d52fe71e7b9,10,CMB-01,"[""OL_MATH"", ""OL_TAM"", ""OL_SIN""]"
afc9ab34-7267-4fd6-bca6-7fad8244fa66,11,CMB-06,"[""OL_MATH"", ""OL_ENG""]"
99a13661-7b32-4758-8d5b-63d58c6258cc,11,CMB-03,"[""OL_MATH"", ""OL_TAM"", ""OL_SIN"", ""OL_ICT""]"
301c80cb-4d8b-4bc7-957d-bdc807a4d936,12,CMB-11,"[""AL_PHY"", ""AL_BIO""]"
22b22741-1a5d-4be7-a2c6-a0fc57d3d647,7,CMB-01,"[""OL_SCI"", ""OL_SIN""]"
8b70478a-c0c3-49cd-8208-1f5768dd5327,12,DEH-01,"[""AL_ACC"", ""AL_PHY"", ""AL_MATH"", ""AL_ECON""]"
2c5b70dd-c221-4214-a06c-295746de47d9,13,RAJ-01,"[""AL_CHEM"", ""AL_ECON"", ""AL_PHY"", ""AL_BIO""]"
f280c04b-a8f9-4d67-b32b-6017430195e2,7,NUG-01,"[""OL_SCI"", ""OL_SIN"", ""OL_TAM"", ""OL_ICT""]"
a51f1386-69b1-45f5-be61-52e9ff4b8ac8,13,CMB-11,"[""AL_ECON"", ""AL_BIO"", ""AL_MATH"", ""AL_PHY""]"
87bdbf82-5498-49a4-9a2a-293ea2ab2c2e,11,CMB-07,"[""OL_ICT"", ""OL_SIN"", ""OL_MATH""]"
6f164aa0-2221-4264-832a-7ec245c4d0eb,6,MAH-01,"[""OL_SIN"", ""OL_SCI"", ""OL_TAM""]"
d57ddecb-50b7-494f-8e09-6619a4c00841,13,MAH-01,"[""AL_ACC"", ""AL_ECON"", ""AL_MATH"", ""AL_PHY""]"
5d65ee14-2d2b-4fc1-89a2-65bd1efcc53e,13,RAJ-01,"[""AL_BIO"", ""AL_CHEM""]"
175198ff-d7e5-49c4-a09f-5c1dc7d9179c,8,CMB-06,"[""OL_ENG"", ""OL_SCI"", ""OL_SIN"", ""OL_TAM""]"
bd3349c6-1f7f-4ca5-b91e-7550c2fe152f,6,HOM-01,"[""OL_MATH"", ""OL_TAM""]"
77eed1b1-162c-407c-8324-e10cffc570b4,7,MAH-01,"[""OL_SIN"", ""OL_MATH"", ""OL_ICT""]"
0a994f54-025d-489e-a23d-1ed2fb8caecc,10,NUG-01,"[""OL_TAM"", ""OL_MATH"", ""OL_ICT""]"
ad6ac7bd-cc80-4f27-8e65-f567118a0851,7,BAT-01,"[""OL_SCI"", ""OL_SIN""]"
b60f3d6b-4947-4805-aaf2-aa9dba2fb825,6,CMB-04,"[""OL_ICT"", ""OL_ENG"", ""OL_TAM""]"
2eda1f00-9821-411d-9ca0-cb2538996d89,13,BAT-01,"[""AL_CHEM"", ""AL_ACC"", ""AL_PHY"", ""AL_MATH""]"
b2758678-a76a-46e7-9b07-0b95e4bc2463,8,CMB-04,"[""OL_TAM"", ""OL_ENG"", ""OL_MATH"", ""OL_SCI""]"
4b511d7f-1f54-4ffd-84b1-fd7699dc6d12,6,CMB-01,"[""OL_MATH"", ""OL_ICT"", ""OL_SCI""]"
b53fbf6f-f038-4879-b857-93c2fce0bac1,13,BAT-01,"[""AL_BIO"", ""AL_ECON"", ""AL_ACC"", ""AL_PHY""]"
db851991-cc16-4cdb-9a48-cae222f7db74,11,KOT-01,"[""OL_MATH"", ""OL_SCI"", ""OL_TAM""]"
6556dad2-4c2f-400e-b9b0-5b573f862820,6,CMB-08,"[""OL_MATH"", ""OL_SCI""]"
1d33cf2b-8282-4db5-ad3b-ee426c886083,6,CMB-08,"[""OL_ICT"", ""OL_SCI"", ""OL_TAM""]"
9d9c276d-3ee8-4ebc-a014-04e9468a53fa,12,HOM-01,"[""AL_MATH"", ""AL_CHEM""]"
df5e07ee-4fbc-4852-a0e3-18fdc3dbf1aa,13,CMB-06,"[""AL_BIO"", ""AL_MATH"", ""AL_ECON""]"
dba0544d-01a1-4146-9ac8-435177800a55,8,CMB-06,"[""OL_ICT"", ""OL_SIN"", ""OL_TAM"", ""OL_SCI""]"
8e182552-eb40-49f8-acd8-5b34ffb2ce76,6,BAT-01,"[""OL_SCI"", ""OL_ICT"", ""OL_ENG"", ""OL_SIN""]"
36dba757-42f8-49bf-83f9-52e0dcc05359,12,CMB-03,"[""AL_MATH"", ""AL_ACC"", ""AL_BIO""]"
7a2f983d-a299-4ff0-907c-2f4744563ed4,12,MAL-01,"[""AL_ECON"", ""AL_ACC"", ""AL_CHEM"", ""AL_MATH""]"
7a412e6e-cdf3-4e5d-9305-d1c9872a5b7e,13,KOT-01,"[""AL_ECON"", ""AL_ACC"", ""AL_BIO""]"
25d91129-51a8-429a-a5fd-4a3100d99624,9,CMB-03,"[""OL_MATH"", ""OL_SIN"", ""OL_ENG"", ""OL_TAM""]"
667225ed-8bb7-4c8c-b2a2-1e167e4db981,7,CMB-11,"[""OL_SIN"", ""OL_ICT"", ""OL_MATH"", ""OL_SCI""]"
f75579b4-9239-439e-8b1f-0b5d16fa416b,11,BAT-01,"[""OL_SIN"", ""OL_MATH"", ""OL_SCI"", ""OL_ICT""]"
a115a215-ce78-4437-9e35-df7d3449a3f7,9,MAL-01,"[""OL_SIN"", ""OL_SCI"", ""OL_TAM""]"
3d05e5e0-413d-45d6-bac9-65ae1f3c6f31,11,BAT-01,"[""OL_ENG"", ""OL_SIN""]"
dfbe0ccc-4dde-436e-8950-bfa796e858dd,12,NUG-01,"[""AL_PHY"", ""AL_ECON"", ""AL_ACC""]"
7fafc505-155f-40b3-8269-871457a7c7b0,10,CMB-04,"[""OL_SIN"", ""OL_SCI"", ""OL_TAM"", ""OL_MATH""]"
16e71f3c-57cd-4cbc-bbc9-e16f4b517208,8,MAL-01,"[""OL_SIN"", ""OL_ICT""]"
a7790c66-f226-45a9-a353-f7dcec829163,10,CMB-10,"[""OL_TAM"", ""OL_MATH""]"
df9fcd8e-2294-4885-b4d9-42c116d1c551,6,NUG-01,"[""OL_ENG"", ""OL_SCI"", ""OL_TAM""]"
42cc4bd9-a060-4bd3-ad1a-5bd38a498802,6,CMB-04,"[""OL_SIN"", ""OL_MATH"", ""OL_SCI""]"
d2150cb5-87d0-42ae-aa84-5979b63b857c,7,HOM-01,"[""OL_SIN"", ""OL_ENG""]"
5d82da2f-7780-424b-a481-51e535c1be03,11,NUG-01,"[""OL_TAM"", ""OL_ENG""]"
4087fc6e-0e18-497f-9c36-c562643e9549,8,MAH-01,"[""OL_ICT"", ""OL_MATH"", ""OL_TAM"", ""OL_SCI""]"
78f3b988-da60-4f7c-8bee-d68bdf8aec9e,13,CMB-05,"[""AL_ECON"", ""AL_ACC""]"
424ee7ae-c3f8-4f9b-ae31-f1597378465c,7,HOM-01,"[""OL_TAM"", ""OL_MATH""]"
5d00cf8c-e61d-47c0-a325-9efb4439dd62,8,CMB-05,"[""OL_ENG"", ""OL_SCI""]"
dcfe6526-be8e-43df-9e5e-48afbe15368c,10,BAT-01,"[""OL_SIN"", ""OL_MATH"", ""OL_SCI"", ""OL_ENG""]"
69edff07-f046-4334-bd4f-706e8827ec8f,11,MTL-01,"[""OL_MATH"", ""OL_SCI""]"
26fb1699-621e-4db3-80b5-7af61aafaa63,13,RAJ-01,"[""AL_PHY"", ""AL_BIO""]"
2bb7c3c4-a2f7-477a-92e8-babbdee2c0ef,11,DEH-01,"[""OL_SCI"", ""OL_MATH"", ""OL_ENG"", ""OL_ICT""]"
f6ea1998-af92-4774-903b-cbb70ae4e660,12,NUG-01,"[""AL_ACC"", ""AL_PHY"", ""AL_ECON"", ""AL_CHEM""]"
e455d527-4216-4cd1-a5f2-b77e0f562e49,12,CMB-10,"[""AL_BIO"", ""AL_ACC""]"
5857f548-6d01-4a87-8b89-a9342d47d181,12,BAT-01,"[""AL_ACC"", ""AL_CHEM"", ""AL_MATH"", ""AL_PHY""]"
b1b01a2d-585f-4389-8f2a-2ad60d25a028,8,CMB-01,"[""OL_TAM"", ""OL_MATH"", ""OL_ICT"", ""OL_SCI""]"
17e19d99-92e5-4afb-8ca8-7015986ec729,11,KOT-01,"[""OL_SIN"", ""OL_MATH""]"
6ce90ba8-28d4-45f9-8ff1-7c45bf23f43a,12,CMB-03,"[""AL_ACC"", ""AL_PHY"", ""AL_MATH"", ""AL_CHEM""]"
c75851a7-9a3d-42c0-82f7-1e4d7d1c20ef,10,RAJ-01,"[""OL_ICT"", ""OL_TAM"", ""OL_ENG""]"
eda960cf-c384-46ac-8d8c-9a778acac196,11,NUG-01,"[""OL_ENG"", ""OL_TAM""]"
ff2abe9e-dff2-4335-8b1a-cd12fd906a40,8,KOT-01,"[""OL_ICT"", ""OL_SCI"", ""OL_SIN""]"
fecadf7f-af84-4a02-bf8d-cd62369b27c9,11,KOT-01,"[""OL_ENG"", ""OL_MATH""]"
f0f81aa4-baf0-4dba-8854-1f0f5b4b5c34,6,HOM-01,"[""OL_SIN"", ""OL_SCI"", ""OL_ENG""]"
1a0d1dda-ee40-49e7-bc76-d309dd765349,9,CMB-04,"[""OL_TAM"", ""OL_ENG"", ""OL_ICT"", ""OL_SIN""]"
bd8946ee-b268-4f2c-b8ce-c2e46c78b536,8,CMB-01,"[""OL_TAM"", ""OL_ICT""]"
342660a8-dcb9-4279-bde0-28dc7bb163e7,10,CMB-10,"[""OL_ICT"", ""OL_SIN"", ""OL_MATH""]"
f83ba4b5-cf65-494a-a4d6-1cf3222b9611,6,NUG-01,"[""OL_ICT"", ""OL_TAM"", ""OL_ENG""]"
a9cfb777-f568-40c6-aba9-ae578852e136,7,CMB-03,"[""OL_MATH"", ""OL_SIN"", ""OL_ENG"", ""OL_TAM""]"
64427134-3194-4c51-ab3f-8c418d559db9,6,BAT-01,"[""OL_SCI"", ""OL_TAM"", ""OL_ICT""]"
45f016fa-442e-4646-b2eb-7f18f87bf7d6,11,DEH-01,"[""OL_ICT"", ""OL_TAM"", ""OL_SCI""]"
d3827215-607b-4b19-9552-9a85463c79f3,12,MAH-01,"[""AL_PHY"", ""AL_MATH"", ""AL_CHEM"", ""AL_BIO""]"
bf1167cf-df3c-4e36-ad70-c4db71ecf92c,9,NUG-01,"[""OL_MATH"", ""OL_SCI"", ""OL_SIN""]"
50ea1550-9157-4686-8b45-29d89e0c61ba,12,CMB-04,"[""AL_MATH"", ""AL_BIO""]"
aa32fccc-0627-42e8-a988-48a173613947,8,MAL-01,"[""OL_SIN"", ""OL_MATH""]"
402e65f9-7c06-4a1d-9474-328d2a74db7e,11,MAH-01,"[""OL_TAM"", ""OL_ICT"", ""OL_SIN""]"
90881e5e-5a18-4b63-9906-c25267caf848,10,MAL-01,"[""OL_SIN"", ""OL_ICT"", ""OL_TAM"", ""OL_ENG""]"
db5b7914-4a18-48aa-9c2d-ba7dd503cf4d,12,CMB-07,"[""AL_ECON"", ""AL_PHY""]"
5f74444a-4502-4dde-8f58-1969529cc42e,13,BAT-01,"[""AL_ACC"", ""AL_ECON""]"
e25147bf-625d-4929-9a96-76cf2f8b0a27,7,CMB-08,"[""OL_SIN"", ""OL_MATH"", ""OL_SCI""]"
efe634d9-c3d7-4c39-ab51-8f8bb848102b,11,CMB-05,"[""OL_SIN"", ""OL_MATH"", ""OL_TAM"", ""OL_SCI""]"
ca95884e-a358-40a1-9937-8781d1448a8b,10,CMB-03,"[""OL_SCI"", ""OL_MATH"", ""OL_ENG"", ""OL_ICT""]"
5cbdc047-f8c2-4772-8617-498f9692b8e9,11,DEH-01,"[""OL_SIN"", ""OL_MATH"", ""OL_SCI""]"
228e050c-fc49-4667-97b9-26d031f09503,8,RAJ-01,"[""OL_ENG"", ""OL_ICT""]"
d637b08d-1155-4215-a878-09bbc78a3e0a,9,CMB-07,"[""OL_SIN"", ""OL_MATH"", ""OL_TAM"", ""OL_ENG""]"
ccbf5edb-07c7-4991-812b-f8607e85bc77,11,CMB-04,"[""OL_SIN"", ""OL_ICT""]"
30001da4-f6cb-4d0a-a675-d606cd564627,10,BAT-01,"[""OL_SIN"", ""OL_ICT"", ""OL_SCI""]"
2435504f-21d4-4ea6-82bf-8ae0809d50b2,8,MAH-01,"[""OL_SIN"", ""OL_ICT"", ""OL_TAM"", ""OL_MATH""]"
1390f18b-b0a0-4212-a7c0-79dea823d757,11,CMB-04,"[""OL_ICT"", ""OL_TAM"", ""OL_SIN"", ""OL_SCI""]"
b3d89662-81ec-4a01-b795-79b61bfce429,9,KOT-01,"[""OL_TAM"", ""OL_MATH"", ""OL_SIN""]"
ff8bf55e-989e-4a5e-896b-9df475df835a,10,CMB-04,"[""OL_ICT"", ""OL_MATH""]"
fa67614a-f71e-4ba4-b1cf-9113ae66cd83,10,HOM-01,"[""OL_MATH"", ""OL_TAM"", ""OL_ICT"", ""OL_SIN""]"
0a8a7996-2869-4e3a-a5a3-8be63b023d6f,6,MAH-01,"[""OL_SIN"", ""OL_TAM""]"
53ec4561-3183-4445-9f76-6f1e66cd54b6,6,CMB-05,"[""OL_TAM"", ""OL_SCI"", ""OL_MATH"", ""OL_ICT""]"
1506c5ca-f08d-4b32-9ba8-097950531762,9,CMB-10,"[""OL_TAM"", ""OL_SIN"", ""OL_MATH"", ""OL_ENG""]"
eeeb65a4-7059-4837-891e-7bd73c4017e3,11,KOT-01,"[""OL_MATH"", ""OL_SIN"", ""OL_ICT"", ""OL_SCI""]"
9a381533-476d-4b49-a1e7-082baf5edd85,12,CMB-07,"[""AL_MATH"", ""AL_ECON"", ""AL_CHEM""]"
47c746a7-6b95-451f-9378-6cf9fd0fcd91,12,CMB-11,"[""AL_MATH"", ""AL_ACC""]"
c2461719-2c28-4d5e-87a9-87b1fc59910b,8,DEH-01,"[""OL_SCI"", ""OL_ENG""]"
ef9b0f54-e6b3-4a32-8e41-f41b61c0aaae,7,CMB-06,"[""OL_SIN"", ""OL_SCI"", ""OL_MATH""]"
2487b18e-2ece-4ec4-a1f2-7bc9412fc9f9,11,CMB-07,"[""OL_ICT"", ""OL_MATH""]"
eb24d1dc-54c4-4f1a-b22a-85ba841e2464,10,KOT-01,"[""OL_ENG"", ""OL_SCI""]"
818b733a-e4a1-43a1-ab60-e717d952c79f,12,MTL-01,"[""AL_BIO"", ""AL_MATH"", ""AL_ECON""]"
d23af277-ffcf-4e75-915e-48db9a8f9575,9,CMB-10,"[""OL_TAM"", ""OL_SCI"", ""OL_SIN"", ""OL_ENG""]"
54d4e4a5-00b6-4eb9-b33d-b71c0c788fcd,12,CMB-05,"[""AL_MATH"", ""AL_CHEM"", ""AL_BIO""]"
fbd2d20f-e4de-4171-a774-4e449d0897c2,12,CMB-04,"[""AL_MATH"", ""AL_BIO"", ""AL_PHY""]"
550ed420-37c7-4953-a239-230731367456,6,CMB-11,"[""OL_TAM"", ""OL_MATH"", ""OL_SCI"", ""OL_ENG""]"
19306e82-8907-46d4-bba1-b1d272f38226,8,DEH-01,"[""OL_SIN"", ""OL_ICT"", ""OL_MATH"", ""OL_ENG""]"
733c83d5-7e4a-456a-8b64-6ec54d77097d,9,CMB-06,"[""OL_TAM"", ""OL_SCI"", ""OL_ICT""]"
c8d33692-4330-4a5a-933a-21aa09c95dcb,12,HOM-01,"[""AL_MATH"", ""AL_ACC"", ""AL_BIO""]"
ee0c9073-8db4-4f3f-89c5-028e8e090fd3,10,CMB-07,"[""OL_MATH"", ""OL_SIN""]"
58e0d8fb-aedb-4d5d-b4eb-85b641975490,10,CMB-11,"[""OL_SIN"", ""OL_ENG"", ""OL_SCI"", ""OL_TAM""]"
7e4c75da-2e25-4ce4-9138-fb669d9d8f48,10,CMB-03,"[""OL_ICT"", ""OL_TAM""]"
6412d6e8-7157-47fe-ba09-a826a314dbe5,7,DEH-01,"[""OL_SIN"", ""OL_MATH""]"
372f4ecb-1c12-4052-a99f-d18f8e197e53,8,HOM-01,"[""OL_SIN"", ""OL_SCI"", ""OL_ENG""]"
2018bff9-9813-41fc-9046-24108c9a7664,11,CMB-11,"[""OL_SIN"", ""OL_ENG"", ""OL_SCI"", ""OL_TAM""]"
8cb5074c-c26f-48f1-9750-03f00eadd79b,11,MTL-01,"[""OL_SIN"", ""OL_TAM""]"
663b97d9-a97f-4386-b293-88ac84bd7410,11,CMB-01,"[""OL_SCI"", ""OL_MATH"", ""OL_SIN"", ""OL_TAM""]"
10eea505-22e7-42a8-9341-bb326c2e6550,6,CMB-07,"[""OL_TAM"", ""OL_SIN"", ""OL_ICT""]"
f6c76340-0c7d-4c5c-9718-3dff3734e08d,7,CMB-04,"[""OL_MATH"", ""OL_SIN"", ""OL_ICT"", ""OL_SCI""]"
2754ddda-b002-4fef-be65-d6c5b4b7b37c,12,NUG-01,"[""AL_PHY"", ""AL_MATH"", ""AL_ECON""]"
bf63d756-e19f-42d0-a204-6f78c04a8b62,13,NUG-01,"[""AL_BIO"", ""AL_MATH""]"
441db22d-915e-442e-a721-4810e1eafc12,9,CMB-01,"[""OL_ICT"", ""OL_ENG"", ""OL_SCI""]"
67f3d2b9-9e2a-4304-b6f8-d1e79d48fa1d,7,DEH-01,"[""OL_SCI"", ""OL_ICT"", ""OL_SIN"", ""OL_TAM""]"
d7810b27-d946-4946-bca0-a2a783798b50,6,CMB-11,"[""OL_ICT"", ""OL_TAM"", ""OL_SCI""]"
438385ff-b4d8-46a2-a586-6546f6ce256c,6,CMB-08,"[""OL_SIN"", ""OL_MATH"", ""OL_ENG"", ""OL_ICT""]"
25f66322-ca9c-4b4b-8ab7-bc265c607ae3,13,CMB-07,"[""AL_PHY"", ""AL_ECON"", ""AL_ACC"", ""AL_MATH""]"
537bfa5f-9d44-4937-ba47-21964e25fcfd,8,CMB-04,"[""OL_ENG"", ""OL_TAM""]"
8561ba5d-3fe3-4618-8605-8ddcd5e6297d,9,MAH-01,"[""OL_ENG"", ""OL_SCI"", ""OL_MATH"", ""OL_ICT""]"
18959b58-73bf-4c49-aac7-25cb66e8f4d2,10,HOM-01,"[""OL_MATH"", ""OL_SIN"", ""OL_ICT""]"
a39c29bf-cd43-4b27-8d84-aac76b4675b1,11,RAJ-01,"[""OL_ENG"", ""OL_MATH"", ""OL_SIN""]"
5156a683-663f-4361-bc3c-1aeb82633d46,13,NUG-01,"[""AL_MATH"", ""AL_PHY"", ""AL_ACC"", ""AL_ECON""]"
10dedac3-e28e-479b-827e-e9f7de912f6a,12,HOM-01,"[""AL_CHEM"", ""AL_MATH"", ""AL_BIO""]"
a032c904-8e47-4102-ad3a-a0fdb9f483c0,9,MTL-01,"[""OL_TAM"", ""OL_MATH""]"
41360237-0e44-41db-a177-edd4c70946aa,9,RAJ-01,"[""OL_SCI"", ""OL_ICT""]"
c8d29a20-d96d-47ad-bea0-7bf98c76a57e,8,MTL-01,"[""OL_MATH"", ""OL_ICT"", ""OL_TAM""]"
28f48c2e-d351-42cb-b1d1-3b1ee9516ad7,13,RAJ-01,"[""AL_ECON"", ""AL_CHEM""]"
e9dfe0b2-cbe8-4f23-ba43-c68a3621a606,10,CMB-10,"[""OL_SIN"", ""OL_SCI""]"
73797eaf-879e-4d8d-9cbe-898bd83fff00,11,CMB-03,"[""OL_TAM"", ""OL_SCI"", ""OL_MATH""]"
ae2d8458-66dd-4721-ac12-086ab454538b,13,CMB-05,"[""AL_BIO"", ""AL_ECON"", ""AL_MATH"", ""AL_ACC""]"
667b15ca-d4de-424e-8950-8ca7b6655fab,6,CMB-03,"[""OL_ENG"", ""OL_MATH"", ""OL_SCI""]"
37fc46c8-5f0d-4565-ad10-131627f303e7,6,BAT-01,"[""OL_ENG"", ""OL_TAM""]"
a6893753-d9ac-4fd3-8c63-5ab2b1c59922,12,CMB-04,"[""AL_ACC"", ""AL_MATH""]"
9b51013a-9f71-48f2-865c-7fc77e6608e2,6,DEH-01,"[""OL_SIN"", ""OL_MATH"", ""OL_ICT""]"
41cb8cfe-da26-485d-a4eb-ddfbe2dad317,9,CMB-01,"[""OL_SIN"", ""OL_ICT"", ""OL_TAM""]"
d2024302-9e80-435c-ac12-347ae4390ff2,7,MTL-01,"[""OL_ICT"", ""OL_MATH"", ""OL_SIN"", ""OL_ENG""]"
5d360c68-c833-4258-9029-86ded6120155,11,CMB-08,"[""OL_MATH"", ""OL_ICT""]"
e6c744b1-3c02-44e6-b6a1-027cfea24838,7,CMB-08,"[""OL_SCI"", ""OL_TAM"", ""OL_ENG"", ""OL_ICT""]"
0f4bcaeb-fdc9-4ffd-8a61-31c4f6cd5076,12,MAL-01,"[""AL_ECON"", ""AL_BIO"", ""AL_PHY"", ""AL_MATH""]"
035fa102-00e4-4a3a-a351-8949d98d7898,8,CMB-03,"[""OL_SCI"", ""OL_ENG""]"
dccc2969-602b-4d71-8aee-a53dd9cc8916,12,MAH-01,"[""AL_CHEM"", ""AL_ACC"", ""AL_PHY"", ""AL_MATH""]"
337391c9-1221-4fd4-b30e-7307f8db0bba,13,DEH-01,"[""AL_CHEM"", ""AL_ACC"", ""AL_ECON"", ""AL_MATH""]"
ddc2f1c3-31e4-4352-9e05-0d7aeea7e060,8,CMB-03,"[""OL_TAM"", ""OL_ICT""]"
e58e31d3-ddca-46bd-a621-eb3961a03c12,6,RAJ-01,"[""OL_SCI"", ""OL_ICT"", ""OL_TAM""]"
dd685307-e988-4fb8-9da6-59770566f2ad,7,MTL-01,"[""OL_ICT"", ""OL_SIN""]"
f5ab1f4a-7bba-45bf-86c7-e34f9d951be7,13,MTL-01,"[""AL_ECON"", ""AL_CHEM"", ""AL_ACC"", ""AL_PHY""]"
2bc06820-15a6-4b63-9f0a-b95d7d6e91f8,11,CMB-07,"[""OL_SIN"", ""OL_MATH""]"
378aa2bb-951f-4660-90a6-37794b3bb5c3,13,CMB-10,"[""AL_ACC"", ""AL_PHY""]"
76e4215e-538e-4b31-9ab2-5abf833cb2db,9,BAT-01,"[""OL_SCI"", ""OL_ICT"", ""OL_SIN"", ""OL_ENG""]"
99452882-a148-469b-8efc-a9b3cc5e50c3,11,KOT-01,"[""OL_SIN"", ""OL_SCI""]"
c4bbaf98-e7e7-48fe-916b-4d31dcf21ef6,6,NUG-01,"[""OL_MATH"", ""OL_ENG""]"
92dc08a0-63e6-48e9-993d-92fa99d29ae5,6,HOM-01,"[""OL_SCI"", ""OL_ENG""]"
29af0c45-b450-4d38-a7a5-4fe93e1d8644,13,CMB-08,"[""AL_ECON"", ""AL_CHEM"", ""AL_MATH"", ""AL_BIO""]"
d184bd11-ac8f-41cf-b42a-bafa8e280e55,9,CMB-08,"[""OL_SCI"", ""OL_ICT"", ""OL_ENG""]"
4b705f9c-0b7e-4f65-80ab-f7ef390d5ffc,8,MTL-01,"[""OL_SCI"", ""OL_ICT"", ""OL_TAM"", ""OL_MATH""]"
f48f30b3-ed1b-4ed7-ac95-d04132921040,8,CMB-11,"[""OL_MATH"", ""OL_SCI""]"
32b0d7c8-53f5-42b8-b706-abc6b234602e,12,CMB-05,"[""AL_PHY"", ""AL_CHEM"", ""AL_BIO""]"
03f1d9b7-3071-461a-ade4-5b62cda0b218,9,NUG-01,"[""OL_ICT"", ""OL_SCI"", ""OL_SIN""]"
c1202045-879f-46af-b5b3-64f4b76689f2,7,CMB-05,"[""OL_SCI"", ""OL_ICT""]"
55c31927-aa25-4c6f-b408-d2f698d22946,9,HOM-01,"[""OL_ICT"", ""OL_ENG"", ""OL_TAM""]"
2ebed0b0-5764-4b60-a6da-be3bcd0af305,12,CMB-10,"[""AL_ECON"", ""AL_ACC""]"
ee265516-289c-4e11-a929-133bee346a50,9,HOM-01,"[""OL_SCI"", ""OL_ENG"", ""OL_ICT""]"
3b940561-8142-4273-b047-e11a24e70d18,6,CMB-11,"[""OL_TAM"", ""OL_ICT""]"
d71d395e-d9cc-4c77-8041-6442fc6ad82f,13,CMB-08,"[""AL_MATH"", ""AL_BIO"", ""AL_ACC"", ""AL_ECON""]"
0b7a0991-ee18-4afb-b52b-2b3e190a2ffd,12,MAH-01,"[""AL_BIO"", ""AL_ECON"", ""AL_ACC""]"
a7d9b1c6-7110-4455-9677-036be3b241b8,8,MTL-01,"[""OL_ENG"", ""OL_TAM"", ""OL_SIN"", ""OL_ICT""]"
9441aabb-a7a9-464f-bfef-8a69a168fbc0,13,MAL-01,"[""AL_ECON"", ""AL_BIO"", ""AL_MATH""]"
36854d71-3050-43f0-8bf1-3b352c8acda6,9,CMB-10,"[""OL_SIN"", ""OL_SCI""]"
08fc9867-ad1b-414e-995a-c6d8579bbeda,12,CMB-08,"[""AL_BIO"", ""AL_ACC"", ""AL_PHY""]"
3e9da5dc-44aa-46a0-91d2-629dbb1658e9,11,CMB-11,"[""OL_MATH"", ""OL_SCI"", ""OL_ICT"", ""OL_TAM""]"
bf6a6912-d500-42e7-8fc7-5581350735d3,13,MAH-01,"[""AL_PHY"", ""AL_ECON"", ""AL_MATH""]"
4567b539-f041-4f2f-8b2f-dcbd080944db,13,MAH-01,"[""AL_CHEM"", ""AL_BIO"", ""AL_ECON"", ""AL_PHY""]"
7e539c22-a0b3-4640-86a5-c5a40b7702ce,12,RAJ-01,"[""AL_BIO"", ""AL_CHEM"", ""AL_ECON""]"
dff9d375-3dc3-40aa-8f7e-7fae3b548019,12,CMB-01,"[""AL_BIO"", ""AL_PHY""]"
fde8af88-5287-4e99-acf0-70a8e7c8b1a0,10,CMB-04,"[""OL_MATH"", ""OL_ENG"", ""OL_ICT""]"
65a4e0ab-9fdc-4d13-8b94-c7617854f478,10,CMB-10,"[""OL_MATH"", ""OL_ICT""]"
60f797c3-9acf-49bc-98c1-5a552bb0473c,11,CMB-03,"[""OL_SCI"", ""OL_ENG"", ""OL_ICT"", ""OL_TAM""]"
b5dad3da-6bd3-476e-96fd-0fe0ad121aa5,11,CMB-11,"[""OL_ICT"", ""OL_ENG"", ""OL_SCI""]"
ca3d4465-5d4f-47b6-bf8f-7b63acae2d61,8,HOM-01,"[""OL_MATH"", ""OL_ENG"", ""OL_TAM""]"
06011a66-7f38-49d9-9f44-0d06d25d9ea7,11,KOT-01,"[""OL_TAM"", ""OL_MATH"", ""OL_SIN""]"
9b127d32-8198-4b12-80bf-ee66e5cdc3f0,8,KOT-01,"[""OL_SCI"", ""OL_ICT""]"
d51f2fb8-3bfa-400c-bf47-9dede270341a,13,CMB-10,"[""AL_ECON"", ""AL_ACC"", ""AL_BIO"", ""AL_CHEM""]"
72a94b0d-97d3-4138-974c-b0094a682784,13,MTL-01,"[""AL_CHEM"", ""AL_PHY""]"
2f64f16c-79a3-49b3-bb78-6c4aba51ae35,12,RAJ-01,"[""AL_BIO"", ""AL_ACC""]"
a14e4f37-73c3-4845-8f26-6e50b3846a65,6,NUG-01,"[""OL_TAM"", ""OL_SCI""]"
84e591d9-8423-42a7-a9d8-37e60163be58,10,CMB-01,"[""OL_ICT"", ""OL_ENG"", ""OL_TAM""]"
cb0671e9-2d46-41fc-b095-f5683cdb44b2,9,RAJ-01,"[""OL_ICT"", ""OL_SIN"", ""OL_ENG""]"
f368eafe-2f15-4715-a34d-57da7844a2b1,11,CMB-01,"[""OL_MATH"", ""OL_SCI"", ""OL_TAM"", ""OL_SIN""]"
6dcc3d40-64ce-47a1-9237-d164d4408fb9,12,KOT-01,"[""AL_BIO"", ""AL_MATH""]"
22a84e70-e579-4483-8531-aded0c8669da,12,CMB-08,"[""AL_MATH"", ""AL_CHEM"", ""AL_BIO""]"
aaee0257-5459-431a-a04f-68197856f20f,10,CMB-04,"[""OL_MATH"", ""OL_TAM""]"
9ff66f9d-674c-4a07-bd9d-4b34e01c66ce,8,CMB-03,"[""OL_TAM"", ""OL_SIN"", ""OL_MATH"", ""OL_ICT""]"
eb78bcf4-ebf0-4aeb-a12a-de970ad2a087,9,CMB-04,"[""OL_ENG"", ""OL_SCI"", ""OL_TAM""]"
d91faaa7-f126-4320-88ad-6488fd4258c1,10,MAH-01,"[""OL_SIN"", ""OL_MATH""]"
f4dde0d3-9181-4c9a-91d4-0aa9f2b4e8d9,11,MAH-01,"[""OL_SCI"", ""OL_ENG""]"
a956c6b2-20c8-4d8c-b364-e745a3636b1c,12,KOT-01,"[""AL_MATH"", ""AL_PHY""]"
34319b38-23d7-47bc-9c63-708165e3df76,12,MAL-01,"[""AL_MATH"", ""AL_BIO"", ""AL_PHY"", ""AL_ACC""]"
a831ba1f-c64a-41dc-8623-19f0b258e4dc,9,DEH-01,"[""OL_ICT"", ""OL_SIN"", ""OL_SCI""]"
ce7fedf6-4603-49a7-a8f4-fb97d258d5d0,10,CMB-08,"[""OL_ICT"", ""OL_SIN"", ""OL_ENG"", ""OL_MATH""]"
1041660d-0278-4afd-9cde-2f130db8230f,6,CMB-06,"[""OL_MATH"", ""OL_SIN"", ""OL_SCI""]"
2e2823b9-47bd-4e10-bbe0-48fc3949f8b8,11,MAL-01,"[""OL_SIN"", ""OL_TAM"", ""OL_MATH""]"
4ec32e7a-bb80-45ad-b04b-3da2e6339792,7,DEH-01,"[""OL_SIN"", ""OL_ENG"", ""OL_TAM"", ""OL_SCI""]"
eadeddda-e2e1-417e-be2d-b84e0d19700b,8,RAJ-01,"[""OL_SCI"", ""OL_TAM""]"
12e7e7a3-d563-4e51-8862-d39def5e2d2a,12,BAT-01,"[""AL_ACC"", ""AL_PHY"", ""AL_MATH""]"
de649c9c-d444-48a6-9cf1-3aabe7031d7f,12,CMB-03,"[""AL_PHY"", ""AL_CHEM""]"
ed7f00da-0284-45ee-be2d-1ff86aa4bf7d,10,CMB-04,"[""OL_ICT"", ""OL_SCI"", ""OL_SIN"", ""OL_TAM""]"
07f71fcc-beee-4490-a940-dd80bd16bb2a,7,NUG-01,"[""OL_MATH"", ""OL_TAM""]"
1945703c-bc53-4680-9784-c375445ffdc4,11,RAJ-01,"[""OL_SCI"", ""OL_ENG"", ""OL_ICT""]"
809226f6-1543-4af3-9051-a39965333ff0,6,BAT-01,"[""OL_MATH"", ""OL_SIN""]"
d4e4d780-2ca1-4105-bcaa-ba76695dce01,12,MTL-01,"[""AL_BIO"", ""AL_PHY"", ""AL_ACC"", ""AL_MATH""]"
2ce98306-6c85-4c55-bd8f-ee6d307470e5,6,CMB-11,"[""OL_ICT"", ""OL_SCI""]"
6bdf329a-c186-499b-bb8b-aafa283c9275,11,BAT-01,"[""OL_SIN"", ""OL_MATH"", ""OL_TAM""]"
993c2bf4-6aea-4e5d-8f9b-ecd5dfc9ccf1,9,BAT-01,"[""OL_SIN"", ""OL_ENG""]"
f51ce299-9c43-4b09-a101-c8ee040e8d4c,8,CMB-07,"[""OL_TAM"", ""OL_MATH""]"
13408b61-3a87-4971-bf7c-13e69792878f,8,DEH-01,"[""OL_TAM"", ""OL_SIN""]"
103aa323-58e8-4016-8562-ed8d96fd2ac7,8,CMB-04,"[""OL_MATH"", ""OL_ENG"", ""OL_SCI"", ""OL_SIN""]"
04a1275b-7eb5-495a-9fb7-94b8ef71568d,11,CMB-07,"[""OL_ICT"", ""OL_MATH""]"
b4d7d986-17b6-4d66-85d6-3e0f85ada3eb,9,BAT-01,"[""OL_MATH"", ""OL_TAM"", ""OL_ICT"", ""OL_SCI""]"
a8e9596b-e878-4c82-96a7-c2fd1f1f4465,10,BAT-01,"[""OL_TAM"", ""OL_MATH""]"
99bae9ae-e5a2-4545-bb53-b5442ecfb33b,6,KOT-01,"[""OL_SCI"", ""OL_ENG""]"
92ed2730-696d-46b5-90de-b6515fed8dc8,9,CMB-08,"[""OL_MATH"", ""OL_SIN""]"
b0e5c752-d25a-464e-b97a-11e03732c0ac,6,CMB-01,"[""OL_SCI"", ""OL_MATH"", ""OL_ICT""]"
05522ca9-0bc8-44c8-8819-8ce6b76f3384,7,CMB-07,"[""OL_SCI"", ""OL_MATH"", ""OL_SIN"", ""OL_ENG""]"
f13a958a-fa08-4478-a037-25e66a22be3e,7,MTL-01,"[""OL_TAM"", ""OL_SCI"", ""OL_ICT""]"
292ff9b5-d44c-440c-b61d-fcf7e0904beb,12,RAJ-01,"[""AL_PHY"", ""AL_ACC""]"
99888140-cd53-4cfc-b534-b2578f2f2489,7,NUG-01,"[""OL_SCI"", ""OL_MATH"", ""OL_SIN""]"
1083ed14-ea02-446f-998d-d7f4d6134c5b,11,CMB-01,"[""OL_SCI"", ""OL_SIN"", ""OL_ICT""]"
47ad21c8-224d-4097-8e58-a41845dfa1e4,7,CMB-11,"[""OL_TAM"", ""OL_ENG"", ""OL_MATH"", ""OL_SIN""]"
9df866af-4aaa-4918-b99d-21a1a5b03aba,9,RAJ-01,"[""OL_TAM"", ""OL_SIN"", ""OL_MATH""]"
444f76a1-c90c-4562-88b8-ff925ea1bcba,8,CMB-11,"[""OL_TAM"", ""OL_ENG""]"
c84cc7ac-dadc-4b52-b12c-c2a226706e46,12,CMB-06,"[""AL_PHY"", ""AL_CHEM"", ""AL_BIO""]"
9b7110a9-297f-45a8-be58-8967fe97a5a4,7,MTL-01,"[""OL_TAM"", ""OL_ICT""]"
3277193b-988e-41fd-949e-12b1559d04df,13,KOT-01,"[""AL_ACC"", ""AL_PHY"", ""AL_MATH"", ""AL_BIO""]"
ed279a22-5fd3-4769-b0d8-643a34903114,6,CMB-05,"[""OL_SCI"", ""OL_SIN"", ""OL_ICT""]"
8a5b780a-b423-4b56-85dc-49b7a18a44dc,7,CMB-03,"[""OL_ENG"", ""OL_SIN""]"
1e0782ce-e349-491b-a819-a20a7f93c888,10,CMB-08,"[""OL_SIN"", ""OL_SCI""]"
6b08279b-3f92-4040-a4bb-31aef95fda99,6,CMB-10,"[""OL_TAM"", ""OL_SIN"", ""OL_ENG"", ""OL_MATH""]"
3f385257-0139-49bd-8458-3d6965d1716d,10,MTL-01,"[""OL_MATH"", ""OL_TAM"", ""OL_SIN"", ""OL_ENG""]"
0ef94233-97df-44d6-ae8f-6a1e8d3e67d6,10,CMB-01,"[""OL_ICT"", ""OL_ENG""]"
6f8fb34b-930a-4879-bd04-bcd31ba104de,11,CMB-10,"[""OL_TAM"", ""OL_MATH""]"
c635e799-be2e-4305-bf26-c0c0fd583158,9,CMB-10,"[""OL_SIN"", ""OL_TAM"", ""OL_ENG"", ""OL_MATH""]"
ca8e6b63-d50b-44c7-9309-a1a59be59d17,13,CMB-01,"[""AL_BIO"", ""AL_MATH""]"
d2642b83-019a-42aa-8185-65b8dd4bf550,9,CMB-03,"[""OL_SCI"", ""OL_ICT"", ""OL_TAM"", ""OL_MATH""]"
28e9379c-adb5-4069-8623-f2c9df36bf02,8,HOM-01,"[""OL_SCI"", ""OL_TAM""]"
41739232-e784-4f87-934a-c37b22761a60,7,RAJ-01,"[""OL_SIN"", ""OL_ENG"", ""OL_SCI"", ""OL_TAM""]"
d2f84f82-ed6a-4347-bf99-75f64036f09a,9,CMB-10,"[""OL_SCI"", ""OL_TAM"", ""OL_ICT""]"
0a048eae-1ece-43bf-959d-d9358c164b0f,10,DEH-01,"[""OL_SIN"", ""OL_SCI"", ""OL_ENG"", ""OL_TAM""]"
60d5b87a-ce97-4826-b0df-3f9aab7acfcd,7,NUG-01,"[""OL_SIN"", ""OL_SCI"", ""OL_ICT""]"
76569a12-0419-47d4-bdc2-9dc2dba5e931,13,RAJ-01,"[""AL_ECON"", ""AL_BIO"", ""AL_PHY"", ""AL_ACC""]"
001ccdd4-fd1b-4f57-83cf-0a5ed893da23,6,KOT-01,"[""OL_MATH"", ""OL_ENG"", ""OL_SCI""]"
1bb86d33-1ce1-425e-b57e-2e15cc7e3be2,8,CMB-11,"[""OL_SIN"", ""OL_ENG"", ""OL_ICT""]"
f77f6793-94bd-446b-b858-86f072c98f7c,10,KOT-01,"[""OL_TAM"", ""OL_SIN"", ""OL_MATH"", ""OL_SCI""]"
56435391-f3b8-4d4d-8b83-90f5af6ffb6a,8,MAL-01,"[""OL_SCI"", ""OL_ICT""]"
e052c08a-eee0-450a-a503-db9e0d7aaea1,6,CMB-01,"[""OL_ICT"", ""OL_ENG"", ""OL_SIN"", ""OL_SCI""]"
8ef04bfc-3ac6-4c9f-b74b-d1b6365bfde8,12,KOT-01,"[""AL_CHEM"", ""AL_BIO"", ""AL_ECON"", ""AL_PHY""]"
8f1366d0-90c6-4da8-ab33-11f52b42c2ba,7,RAJ-01,"[""OL_MATH"", ""OL_SIN""]"
eeaee01a-718e-4f69-ac5a-22299d940b92,8,CMB-08,"[""OL_ENG"", ""OL_ICT"", ""OL_SIN""]"
f662fc13-549a-4e82-9199-a5105fc869fd,11,CMB-03,"[""OL_SIN"", ""OL_ICT"", ""OL_SCI"", ""OL_MATH""]"
4d7c735f-a714-4b5a-9bc6-cc9cc53cc3dd,13,CMB-03,"[""AL_ACC"", ""AL_MATH"", ""AL_PHY""]"
375482e6-d71a-4057-927c-e459121f9417,10,BAT-01,"[""OL_SCI"", ""OL_ENG"", ""OL_ICT"", ""OL_TAM""]"
18469652-0a7a-409d-bf2f-74724868747d,8,CMB-01,"[""OL_MATH"", ""OL_SIN""]"
a603ee52-0eb7-492e-bddc-e645a0657860,12,CMB-04,"[""AL_PHY"", ""AL_BIO"", ""AL_ACC"", ""AL_ECON""]"
18dcc903-f576-4b12-a6bc-0082cdfa552c,10,DEH-01,"[""OL_TAM"", ""OL_SIN"", ""OL_ENG"", ""OL_ICT""]"
4d3fc268-0c6f-4749-a89b-f3cd6e1ae242,12,CMB-04,"[""AL_ACC"", ""AL_ECON""]"
bcb6e079-cb5b-4678-8a57-978a2279a5aa,11,CMB-06,"[""OL_ICT"", ""OL_SCI"", ""OL_SIN""]"
42bc10d0-f4ad-494e-8b57-08487a7198b5,10,CMB-01,"[""OL_SIN"", ""OL_MATH""]"
6c39073b-422c-4bd2-93b0-20d28fc11aa6,7,CMB-04,"[""OL_SIN"", ""OL_TAM"", ""OL_ICT"", ""OL_ENG""]"
6b5a3b8e-b832-42ae-b1ad-6a79177bfb78,10,RAJ-01,"[""OL_SCI"", ""OL_ENG""]"
67a805eb-08dd-4f13-bd2e-ed70f6a944c0,8,CMB-06,"[""OL_SIN"", ""OL_SCI""]"
07dfc4e5-60d3-4591-a722-2c0b0584d9b6,7,BAT-01,"[""OL_SCI"", ""OL_ICT"", ""OL_TAM"", ""OL_MATH""]"
359df354-29a9-4ac4-a194-fe2951a8d0fd,8,CMB-08,"[""OL_SIN"", ""OL_ICT"", ""OL_MATH""]"
d76f8afb-60d2-43ae-b68f-6dc077cc4ff5,8,CMB-04,"[""OL_MATH"", ""OL_SIN"", ""OL_ICT""]"
401f41e2-be52-462e-9177-7cdd4b3554c6,10,CMB-04,"[""OL_MATH"", ""OL_TAM"", ""OL_SCI""]"
0c02666f-b32b-4b3c-aa02-226bc857584e,13,MAL-01,"[""AL_MATH"", ""AL_ACC"", ""AL_ECON"", ""AL_PHY""]"
51394a34-da7a-457c-99b1-b59f0f17d9e7,6,CMB-03,"[""OL_SCI"", ""OL_TAM""]"
975e87fd-bed7-410c-89ec-fc64746c1954,6,KOT-01,"[""OL_TAM"", ""OL_ENG"", ""OL_SIN"", ""OL_SCI""]"
71cba5e4-ea76-42c1-a44e-1a56f279470f,11,RAJ-01,"[""OL_ENG"", ""OL_ICT"", ""OL_TAM""]"
9141f7f5-dbdb-4316-8bde-b5e056176ed9,9,NUG-01,"[""OL_SIN"", ""OL_ICT"", ""OL_MATH"", ""OL_SCI""]"
8f3fd9c3-3225-422a-8f37-663f858997c0,11,CMB-05,"[""OL_SIN"", ""OL_ICT""]"
63b9bbf4-b460-4a56-9007-312441182997,8,CMB-01,"[""OL_MATH"", ""OL_TAM"", ""OL_ENG"", ""OL_SIN""]"
5c12034b-ec3e-4ea0-bd61-9be6972d008c,9,NUG-01,"[""OL_TAM"", ""OL_SIN"", ""OL_ICT""]"
bd6f4c1e-3453-4a0f-8b61-5d7e91ffab74,9,CMB-01,"[""OL_ENG"", ""OL_MATH"", ""OL_ICT"", ""OL_TAM""]"
a5d2645f-56b2-4840-906f-8fa52f8d7d3d,11,BAT-01,"[""OL_TAM"", ""OL_SIN""]"
c4f17b77-d7d5-4474-8537-fd7ee4621be4,12,CMB-04,"[""AL_BIO"", ""AL_ACC"", ""AL_MATH""]"
08dcf396-df77-48c4-a4e7-0ec2566b2f2f,12,DEH-01,"[""AL_PHY"", ""AL_ACC"", ""AL_MATH"", ""AL_BIO""]"
3d06d1df-c9c2-4606-afd5-8b21f19c8ad7,13,CMB-04,"[""AL_ACC"", ""AL_ECON"", ""AL_BIO""]"
8b94eb7e-7ed9-4a3b-8323-be343dbdcd25,8,BAT-01,"[""OL_SIN"", ""OL_TAM""]"
cb002f96-29c9-447e-9966-b0161b073df1,9,CMB-10,"[""OL_SCI"", ""OL_MATH""]"
5a9fba54-8cfe-4ece-86ae-6b4077fbeb56,7,RAJ-01,"[""OL_MATH"", ""OL_SCI"", ""OL_ENG"", ""OL_TAM""]"
060cd088-de05-4f18-ab8b-fec1a4de10bf,10,CMB-10,"[""OL_ENG"", ""OL_SIN"", ""OL_MATH"", ""OL_ICT""]"
1cd3b01e-6932-498f-8a7a-36e4213e49a2,8,HOM-01,"[""OL_ICT"", ""OL_SIN"", ""OL_MATH"", ""OL_ENG""]"
1569beed-4a85-481f-a0b2-be2b0661f232,11,CMB-10,"[""OL_TAM"", ""OL_MATH"", ""OL_ENG"", ""OL_SCI""]"
05f661ee-caec-4767-a230-c8afe1d169f9,12,HOM-01,"[""AL_PHY"", ""AL_ACC"", ""AL_CHEM""]"
398e5f2a-dbb9-4ae4-87dd-fd7221159cbe,7,DEH-01,"[""OL_MATH"", ""OL_ICT""]"
519b7876-6c50-4f73-afeb-d9fa4ac563da,11,CMB-08,"[""OL_MATH"", ""OL_TAM"", ""OL_ENG"", ""OL_ICT""]"
e495ca44-e917-4d7c-bb07-cfc4b94568dc,11,KOT-01,"[""OL_ICT"", ""OL_MATH"", ""OL_ENG"", ""OL_TAM""]"
6dd400d3-cac8-4696-8249-93cfe48406a8,9,KOT-01,"[""OL_ENG"", ""OL_ICT"", ""OL_SCI""]"
1e5e7ff4-2953-4b48-90bd-dbad650547b9,9,CMB-05,"[""OL_MATH"", ""OL_TAM"", ""OL_SIN""]"
71f49001-0da3-4036-9f03-c6da01d1634e,11,CMB-06,"[""OL_SCI"", ""OL_SIN"", ""OL_TAM""]"
b797a0ab-b85e-4070-9483-eeda1576f9a9,8,DEH-01,"[""OL_ICT"", ""OL_MATH""]"
26d3a0bd-3a08-401e-a8f8-af905b143b4e,11,DEH-01,"[""OL_ICT"", ""OL_MATH"", ""OL_ENG"", ""OL_SIN""]"
11e5d56e-b4a4-40b1-a482-18b5f2f79808,13,CMB-08,"[""AL_CHEM"", ""AL_BIO"", ""AL_MATH""]"
45bacaeb-ef67-4621-a5e8-f669b4fabcd1,11,CMB-06,"[""OL_SCI"", ""OL_ICT"", ""OL_MATH"", ""OL_SIN""]"
bebe90eb-ac83-4f57-9893-6df1f5d46729,13,KOT-01,"[""AL_ACC"", ""AL_PHY"", ""AL_MATH""]"
7b969056-2265-46b8-8f11-84e088b76a20,12,MTL-01,"[""AL_ACC"", ""AL_BIO"", ""AL_CHEM""]"
c0b7ecc9-cae8-4625-8301-f902fa4288e8,12,KOT-01,"[""AL_ECON"", ""AL_CHEM""]"
a1d12470-f45b-4727-a77e-6cee31806c1b,10,CMB-08,"[""OL_TAM"", ""OL_SIN"", ""OL_MATH"", ""OL_ICT""]"
427590ab-a655-4cd4-8bd9-897ee2c7718b,11,CMB-03,"[""OL_ENG"", ""OL_SIN"", ""OL_SCI"", ""OL_ICT""]"
a6ed7772-dba5-41e2-bba3-f74a79e5206e,8,BAT-01,"[""OL_SIN"", ""OL_ENG"", ""OL_SCI"", ""OL_MATH""]"
f512155b-0e57-4260-8d2e-b0c1e7460bb6,9,CMB-08,"[""OL_ICT"", ""OL_MATH"", ""OL_ENG"", ""OL_SIN""]"
4711e591-464e-4c9d-be14-eda47fe71430,7,CMB-06,"[""OL_SIN"", ""OL_SCI"", ""OL_MATH""]"
9c1bf279-4cbc-4a59-ac20-4f470c33e85b,7,NUG-01,"[""OL_SCI"", ""OL_MATH"", ""OL_TAM""]"
6ece571c-6916-466c-aae7-6d9389d2f8c7,11,RAJ-01,"[""OL_ICT"", ""OL_SIN""]"
a8fcda6a-442e-4e0a-92b0-5ad99d1cc0e4,9,CMB-03,"[""OL_SCI"", ""OL_SIN""]"
dc9467ac-f211-45a9-bd30-7c950563c522,13,DEH-01,"[""AL_ECON"", ""AL_PHY"", ""AL_BIO"", ""AL_CHEM""]"
2ba046d4-9ac0-4ab9-82b9-257fb8ee71e8,7,BAT-01,"[""OL_SIN"", ""OL_ENG"", ""OL_ICT"", ""OL_SCI""]"
fca43693-3d02-4310-b665-ef2a24beea90,6,CMB-05,"[""OL_MATH"", ""OL_ICT""]"
af9f02d5-619f-4ed5-adeb-8a48251a037f,13,MAH-01,"[""AL_MATH"", ""AL_ECON""]"
176f3070-d9cd-4e98-9c31-f6704afc0f7f,13,CMB-11,"[""AL_ACC"", ""AL_MATH"", ""AL_PHY"", ""AL_BIO""]"
d0b5a94a-3fe0-43d2-bf5f-8655382e1917,13,RAJ-01,"[""AL_ECON"", ""AL_PHY"", ""AL_MATH""]"
cd81f771-5b21-468a-9cff-8d72c5ecb714,11,CMB-04,"[""OL_TAM"", ""OL_SCI"", ""OL_SIN"", ""OL_ENG""]"
cc772ec1-8abb-4738-9ad3-300ce0caa872,6,KOT-01,"[""OL_TAM"", ""OL_ICT"", ""OL_SIN"", ""OL_MATH""]"
cb1b84e8-704b-4490-81bb-c86b7eb21a21,7,CMB-08,"[""OL_MATH"", ""OL_SCI"", ""OL_TAM"", ""OL_ICT""]"
f041e085-5577-49ef-899d-b3f143b32dac,13,MTL-01,"[""AL_MATH"", ""AL_PHY""]"
4498faa3-a7b3-4914-af2e-04d1e3d4916e,9,CMB-07,"[""OL_TAM"", ""OL_ENG""]"
939375ad-e3e4-4eea-ae03-6997a982158c,6,CMB-04,"[""OL_TAM"", ""OL_ENG""]"
80b5badd-1f01-45a0-ab17-a9cf08cbe7b8,11,HOM-01,"[""OL_SIN"", ""OL_MATH""]"
9f2f88f4-0158-44bf-b8dd-4c2a038b3a3e,9,DEH-01,"[""OL_TAM"", ""OL_ENG""]"
e3d98924-c558-4bc1-bee3-e8cc339d0f71,13,CMB-06,"[""AL_BIO"", ""AL_CHEM"", ""AL_ECON"", ""AL_ACC""]"
85b450f8-532c-4151-a369-8d3cb02a57e2,9,CMB-05,"[""OL_MATH"", ""OL_SCI"", ""OL_ICT"", ""OL_SIN""]"
900b9932-03d2-49e9-b9a5-ac5de7afc03f,8,DEH-01,"[""OL_SCI"", ""OL_TAM""]"
b50b5868-6c13-430b-8416-1c85f9ee026b,9,NUG-01,"[""OL_SCI"", ""OL_TAM"", ""OL_SIN""]"
ce03f409-4d35-41a5-beff-a85a9b8ab8a4,7,HOM-01,"[""OL_ENG"", ""OL_SIN"", ""OL_SCI""]"
549347c4-662e-4de6-9e6a-a70597c53599,12,BAT-01,"[""AL_CHEM"", ""AL_BIO""]"
a844f0b6-2bb7-4a73-979f-90a3f9bf973c,8,HOM-01,"[""OL_MATH"", ""OL_ENG""]"
3527e6b0-ecaf-4440-a6ba-75e6c4767a3a,9,NUG-01,"[""OL_ICT"", ""OL_TAM"", ""OL_SCI"", ""OL_SIN""]"
255427c8-8e50-4cf5-8596-1fca9a5897fd,8,MTL-01,"[""OL_SIN"", ""OL_MATH"", ""OL_SCI""]"
da1cd799-518f-48ac-a9b4-11a62d6f9311,7,CMB-11,"[""OL_TAM"", ""OL_MATH""]"
63626194-a638-4ece-8fd0-b8f282e8efa7,12,CMB-04,"[""AL_ACC"", ""AL_MATH"", ""AL_CHEM""]"
d87aafc6-e50f-4a5e-920e-9cce88818691,11,CMB-11,"[""OL_SCI"", ""OL_ENG""]"
b2ed62f8-efed-45ce-810a-b0be397bc201,6,CMB-05,"[""OL_SCI"", ""OL_SIN"", ""OL_MATH""]"
270615d9-db25-42c3-9e81-ff2f51d1d3ea,7,CMB-07,"[""OL_ICT"", ""OL_ENG"", ""OL_SIN"", ""OL_MATH""]"
c9f032c6-061e-41f8-99be-ed8f0ddabda4,11,DEH-01,"[""OL_ENG"", ""OL_TAM"", ""OL_MATH"", ""OL_SIN""]"
02d7efc1-3bc7-4feb-b18e-3fc11eadf19d,8,MTL-01,"[""OL_SCI"", ""OL_ENG"", ""OL_SIN""]"
17585ae1-5b52-4a49-98ef-85acd6fc1e7b,13,CMB-06,"[""AL_MATH"", ""AL_ECON"", ""AL_PHY""]"
6eecbe91-f81a-427e-80c1-e668de2ce82a,8,CMB-06,"[""OL_TAM"", ""OL_ENG"", ""OL_MATH""]"
c2c4eaf2-f23e-40c8-b5eb-b7a6607dfd7e,11,CMB-10,"[""OL_TAM"", ""OL_SIN"", ""OL_ICT"", ""OL_MATH""]"
c04f9709-60dd-4207-b8ca-811176be32bd,13,NUG-01,"[""AL_ECON"", ""AL_CHEM"", ""AL_ACC""]"
419df99f-b55c-44c7-a2de-99f7dcc6385b,12,MAH-01,"[""AL_PHY"", ""AL_CHEM"", ""AL_MATH"", ""AL_ACC""]"
44c6285f-9f3c-4778-8b7f-df03f13ccc42,12,MTL-01,"[""AL_ACC"", ""AL_MATH""]"
e1800f78-4005-48e9-879a-bbfd66e7f358,7,CMB-10,"[""OL_SCI"", ""OL_TAM""]"
f485c05d-8569-46b9-af67-b2658e2e514f,6,CMB-04,"[""OL_ENG"", ""OL_TAM"", ""OL_SIN"", ""OL_MATH""]"
8e58864d-c059-4a67-b957-f00663886859,12,MAH-01,"[""AL_PHY"", ""AL_BIO"", ""AL_ECON"", ""AL_CHEM""]"
1cb1056c-7ba8-4820-82b8-6fce57b0c2e6,7,KOT-01,"[""OL_TAM"", ""OL_SCI""]"
a894c867-6737-4e6e-8362-5bda3be87a2d,6,RAJ-01,"[""OL_TAM"", ""OL_ENG"", ""OL_SCI"", ""OL_ICT""]"
1e31ee02-539f-4b47-be99-b5aaab1b98f4,6,BAT-01,"[""OL_ICT"", ""OL_TAM""]"
ab7ce119-eceb-42d7-a9e7-77b59f02d6d2,9,CMB-07,"[""OL_ENG"", ""OL_SCI""]"
715c55a8-da99-4760-a39f-2b156fc8b421,11,CMB-03,"[""OL_SIN"", ""OL_ICT"", ""OL_SCI""]"
15ade0b1-81b3-4f4b-9e4e-f00fffd3e5b3,11,CMB-05,"[""OL_ICT"", ""OL_SCI"", ""OL_MATH""]"
dbc53d62-ee64-42a0-8e88-1879e8077fa6,10,DEH-01,"[""OL_ENG"", ""OL_ICT"", ""OL_SCI""]"
0f1bfe10-e362-4742-aa7b-58b14d4ecdaa,6,KOT-01,"[""OL_ENG"", ""OL_TAM""]"
dda9376e-39ea-49cd-97a2-ba249f5464ae,6,BAT-01,"[""OL_SIN"", ""OL_MATH"", ""OL_ENG"", ""OL_TAM""]"
beb37185-9352-459a-85e6-50050b22dfdb,13,MTL-01,"[""AL_CHEM"", ""AL_MATH"", ""AL_ECON""]"
9198ef5a-01ff-491c-b045-da0f5f773e04,11,CMB-07,"[""OL_ENG"", ""OL_MATH"", ""OL_TAM""]"
402379d7-cf76-4ae6-93cb-ab9e223c4705,12,MAL-01,"[""AL_MATH"", ""AL_ECON""]"
a51c8c3b-ccdc-46de-b5d1-6ca2b1569bdc,8,RAJ-01,"[""OL_SIN"", ""OL_MATH""]"
a3622075-7ef2-419b-b71a-db4788331eab,8,CMB-11,"[""OL_SIN"", ""OL_ICT""]"
6c8030e4-662e-4558-94a8-baaa3ca1fbcd,11,DEH-01,"[""OL_SIN"", ""OL_SCI"", ""OL_ENG""]"
785e9117-a668-47ea-8b18-f3980104a605,7,BAT-01,"[""OL_SIN"", ""OL_SCI"", ""OL_TAM"", ""OL_ICT""]"
e8839537-e916-46a0-8005-f70f3c6c834e,12,CMB-01,"[""AL_ACC"", ""AL_PHY"", ""AL_MATH""]"
145fddef-182b-4dbe-aaa9-8cf7d19f38c5,9,DEH-01,"[""OL_SCI"", ""OL_SIN""]"
94149abd-4fe9-4541-8b19-4d4d1fba4f30,12,MTL-01,"[""AL_PHY"", ""AL_ACC""]"
e9763a4c-be57-4aef-96f9-59860bcd59fb,13,CMB-11,"[""AL_BIO"", ""AL_ACC""]"
cb02ef94-8845-4c46-87af-5b9c554bf639,13,CMB-06,"[""AL_BIO"", ""AL_ECON"", ""AL_ACC""]"
f50d2695-7991-4a80-938a-cc3b5a29c1f0,8,CMB-05,"[""OL_MATH"", ""OL_SCI""]"
c63bbee6-4568-4ca7-8e5e-4f2b3ed916ab,8,NUG-01,"[""OL_MATH"", ""OL_SCI"", ""OL_ICT"", ""OL_ENG""]"
00dca963-0224-478b-9042-df28680cf8ff,11,RAJ-01,"[""OL_ICT"", ""OL_MATH"", ""OL_SIN"", ""OL_SCI""]"
8c8a3967-468a-41d5-ab95-bf33fba0340c,10,DEH-01,"[""OL_MATH"", ""OL_SIN"", ""OL_SCI""]"
4a314859-3e7e-467f-b51b-26063c0f3d7a,8,MAH-01,"[""OL_SCI"", ""OL_ENG""]"
45e27937-f051-4dee-9f22-9afb4ea7c1d8,7,CMB-11,"[""OL_SCI"", ""OL_SIN"", ""OL_ICT"", ""OL_TAM""]"
82fda17a-cd15-4e5c-9f0a-f6e99ff84445,7,MAH-01,"[""OL_SCI"", ""OL_ICT"", ""OL_TAM"", ""OL_MATH""]"
d6e24283-7593-4878-8ae8-8c9a617d0def,7,CMB-06,"[""OL_MATH"", ""OL_ENG"", ""OL_SCI""]"
e9340b1e-57ca-4f25-bf34-e796a4b4790f,8,RAJ-01,"[""OL_TAM"", ""OL_SCI""]"
30baefb1-2172-4fbc-bf03-0efd9cd22600,7,CMB-03,"[""OL_SIN"", ""OL_TAM"", ""OL_ENG""]"
b08b4f6c-7c41-486f-8239-55e79545307e,9,CMB-10,"[""OL_SIN"", ""OL_ICT"", ""OL_MATH""]"
07137c32-b4ca-4c57-a35a-4abbce31f14a,12,CMB-03,"[""AL_MATH"", ""AL_CHEM"", ""AL_ECON""]"
e55f8e5b-7e1e-4d93-a893-d43c9eb000cf,10,NUG-01,"[""OL_SIN"", ""OL_SCI"", ""OL_ENG"", ""OL_MATH""]"
3f9d6e68-b668-470e-b190-32ba8424d390,8,CMB-03,"[""OL_MATH"", ""OL_ENG""]"
2b1d2738-ef3b-4200-99c5-e132e54d77b0,9,DEH-01,"[""OL_ENG"", ""OL_TAM"", ""OL_MATH""]"
0d205ecf-ed36-4ef6-b4b3-b4d8b3a55fe5,12,CMB-07,"[""AL_BIO"", ""AL_CHEM"", ""AL_ECON""]"
51d52212-6e11-4d86-bf93-7282260bfe5f,10,CMB-05,"[""OL_ICT"", ""OL_MATH""]"
53b03a53-6fa5-4086-99b6-17d36b20ebc6,8,MTL-01,"[""OL_ICT"", ""OL_ENG"", ""OL_TAM""]"
6e60e335-5bdf-4654-8e30-084cd19bf886,9,CMB-11,"[""OL_TAM"", ""OL_SIN""]"
0815d764-4e77-4502-9aa9-53100187f2da,7,CMB-05,"[""OL_ICT"", ""OL_TAM""]"
7798733f-742d-4e23-85a1-5da20d56fce1,7,CMB-03,"[""OL_ICT"", ""OL_SCI"", ""OL_TAM"", ""OL_ENG""]"
3f1848ed-d4b0-430b-88cf-73ac20775fe6,13,CMB-05,"[""AL_ECON"", ""AL_ACC""]"
69c8cff6-3ed4-41be-aa4f-b481c843eaf7,11,DEH-01,"[""OL_SIN"", ""OL_SCI"", ""OL_TAM"", ""OL_MATH""]"
0fca67b5-3b0e-41c0-956c-4041148c828c,8,CMB-08,"[""OL_TAM"", ""OL_ENG"", ""OL_ICT""]"
b79709fe-30bb-4bd6-adf1-4754e9614a1a,11,BAT-01,"[""OL_ICT"", ""OL_MATH"", ""OL_SIN"", ""OL_TAM""]"
e71923cd-dda7-4781-a3b1-ad97c6eb54e5,13,RAJ-01,"[""AL_ECON"", ""AL_MATH"", ""AL_PHY"", ""AL_CHEM""]"
b934c549-7718-4486-be1e-ebb7207ce788,10,CMB-06,"[""OL_MATH"", ""OL_TAM"", ""OL_ICT""]"
ea7432e5-37eb-4c6c-8a84-841207215b39,9,KOT-01,"[""OL_ICT"", ""OL_TAM"", ""OL_MATH""]"
fb8ad7e2-f1df-4d55-a09d-190da7c3a2d4,8,BAT-01,"[""OL_SIN"", ""OL_TAM"", ""OL_ICT"", ""OL_SCI""]"
1d6d3437-9b0e-4c10-b0a3-d40002666098,10,CMB-08,"[""OL_MATH"", ""OL_SCI""]"
65501eca-25a9-4529-a215-1efb0aef0500,9,CMB-01,"[""OL_SIN"", ""OL_TAM"", ""OL_ENG"", ""OL_SCI""]"
e58b63f3-7de8-4ee9-beff-128e4b8a9786,9,DEH-01,"[""OL_ENG"", ""OL_TAM"", ""OL_MATH"", ""OL_SIN""]"
7aa8b71b-ad26-4130-9e0c-e1e7961addbb,9,CMB-03,"[""OL_SCI"", ""OL_ENG"", ""OL_MATH"", ""OL_TAM""]"
a4d127fe-a21d-4ebc-812c-7e07a76f6a22,8,CMB-11,"[""OL_ENG"", ""OL_MATH""]"
641273a5-a5af-4ec1-8e79-908131e3f258,9,CMB-08,"[""OL_MATH"", ""OL_ICT"", ""OL_ENG"", ""OL_SIN""]"
da1d81d0-63dd-44a1-9928-6417c1c94e3e,11,MTL-01,"[""OL_ICT"", ""OL_TAM""]"
56e5ef13-28a5-491d-b94a-825a51a64638,10,CMB-06,"[""OL_TAM"", ""OL_ENG"", ""OL_ICT""]"
9d2ae69e-867b-4f04-b092-dd3a3feff538,6,CMB-01,"[""OL_SCI"", ""OL_ENG"", ""OL_ICT""]"
3ed38ed4-1698-4e89-9733-14dabb08bb7a,10,CMB-01,"[""OL_ICT"", ""OL_TAM"", ""OL_MATH"", ""OL_ENG""]"
010d09a5-9420-41b5-8236-1a66e8bc55f9,12,CMB-11,"[""AL_ACC"", ""AL_ECON"", ""AL_PHY"", ""AL_BIO""]"
6974cd5a-1096-4f9e-9c3d-28240eb4a1d9,9,MTL-01,"[""OL_SCI"", ""OL_TAM"", ""OL_SIN""]"
1ed0e04c-ffa1-4c33-9285-534b85d8246c,8,BAT-01,"[""OL_ICT"", ""OL_SIN""]"
d69d0743-d0b8-458c-9dd6-27c1a6b41b77,11,CMB-06,"[""OL_MATH"", ""OL_SIN"", ""OL_SCI""]"
3901cc84-4378-4a64-8da7-6ea31b6448fe,13,CMB-07,"[""AL_PHY"", ""AL_ECON""]"
ef283629-8d29-4893-9ceb-a79e55cfac42,13,CMB-07,"[""AL_CHEM"", ""AL_MATH"", ""AL_ACC"", ""AL_ECON""]"
777cba22-ba51-46ed-88fe-a0e0d64ca9ef,8,KOT-01,"[""OL_TAM"", ""OL_SCI"", ""OL_MATH"", ""OL_SIN""]"
e133dd9a-53e8-4bf1-9775-3a0dd2bcde36,7,RAJ-01,"[""OL_SIN"", ""OL_ICT""]"
e5c2af89-f09e-48e2-9339-7afbfcfe2e04,7,MAH-01,"[""OL_ICT"", ""OL_MATH""]"
d84f8e02-a808-4a6c-ba52-21c9beed3c1d,7,KOT-01,"[""OL_MATH"", ""OL_ICT"", ""OL_TAM""]"
6bb7b8f2-8716-458f-a401-6cf21743022c,6,CMB-06,"[""OL_MATH"", ""OL_ENG""]"
0e717f81-96ae-4ef9-823f-1037663d6174,8,CMB-01,"[""OL_MATH"", ""OL_TAM""]"
8db5f7be-dfcd-475f-83d2-c3138ceeb7c9,11,CMB-04,"[""OL_SCI"", ""OL_SIN""]"
342e8cb8-5172-47b9-ab8e-ff1c18749cb9,13,CMB-07,"[""AL_CHEM"", ""AL_BIO"", ""AL_PHY""]"
ba06cd5b-8c8d-4dd4-9df7-f2f1aeebb9bf,9,CMB-03,"[""OL_ICT"", ""OL_ENG"", ""OL_MATH"", ""OL_SIN""]"
ccb8393d-28bb-4f84-83ae-7d74d722d540,6,CMB-05,"[""OL_ENG"", ""OL_MATH"", ""OL_SIN"", ""OL_TAM""]"
94a56215-be62-487b-bacf-aa3ccce7e238,6,CMB-10,"[""OL_SCI"", ""OL_SIN""]"
c15d4d13-e3a0-4c6a-b437-bc54c079cf12,12,CMB-06,"[""AL_ACC"", ""AL_CHEM"", ""AL_PHY""]"
8c2d2e90-73a1-432b-9c93-fb36e7805ceb,12,CMB-05,"[""AL_PHY"", ""AL_MATH"", ""AL_ACC""]"
080a0ce6-8a15-40ab-8f73-209d722571e7,7,DEH-01,"[""OL_MATH"", ""OL_TAM"", ""OL_ENG""]"
4a34c9aa-d131-44a9-b582-576491f0284e,7,NUG-01,"[""OL_MATH"", ""OL_TAM""]"
122cf762-828f-43da-844b-8decbcad16a2,8,CMB-07,"[""OL_TAM"", ""OL_ENG"", ""OL_SCI""]"
461e6b6c-9585-4f67-814e-8164b3860d04,12,CMB-06,"[""AL_ACC"", ""AL_CHEM"", ""AL_ECON"", ""AL_PHY""]"
6472833e-1337-470a-ae8e-9ca208610d36,7,CMB-11,"[""OL_ICT"", ""OL_ENG"", ""OL_TAM""]"
221a3c0c-6496-40bd-a17d-c0a2d6ed62fb,7,CMB-01,"[""OL_ICT"", ""OL_SCI""]"
63f40483-99bf-41f9-9052-aaf941f2bad9,11,CMB-06,"[""OL_SIN"", ""OL_ICT"", ""OL_MATH""]"
a8b9ed34-ddd5-4985-b95f-dcc4ac3dc0d2,7,RAJ-01,"[""OL_ENG"", ""OL_SCI"", ""OL_MATH"", ""OL_TAM""]"
398bf05b-bf0f-4bfc-bf4d-2825c3bb1ec8,8,CMB-07,"[""OL_ENG"", ""OL_ICT"", ""OL_SIN""]"
bff98612-b598-4f8c-b077-e7b9dea31fdb,12,MAL-01,"[""AL_BIO"", ""AL_ECON"", ""AL_CHEM"", ""AL_MATH""]"
6f1981da-5b79-40d4-a2e1-74e562a39eb8,9,KOT-01,"[""OL_TAM"", ""OL_SIN"", ""OL_ICT""]"
e5c7f796-e7db-4630-8829-89b5221b0737,9,KOT-01,"[""OL_TAM"", ""OL_SIN""]"
f8685bcc-b38c-4f8f-bc40-d5ca56d98e82,9,CMB-04,"[""OL_ENG"", ""OL_MATH""]"
8d209d5b-2ab5-47f3-9a56-b65e8a297dea,9,CMB-01,"[""OL_TAM"", ""OL_SIN"", ""OL_SCI""]"
bc3fab77-8c72-44a1-a2bb-361f4e87b44d,7,CMB-03,"[""OL_ENG"", ""OL_SCI"", ""OL_ICT""]"
7d78dfa8-e9c7-4c1e-902e-f21cc963c30d,13,CMB-06,"[""AL_BIO"", ""AL_PHY"", ""AL_ECON"", ""AL_MATH""]"
7aea4983-a605-4c73-92cb-7313fdd8b64f,6,CMB-06,"[""OL_ICT"", ""OL_SCI""]"
65223327-cb36-4bee-b512-35eb0014cd3c,12,CMB-01,"[""AL_BIO"", ""AL_CHEM"", ""AL_MATH"", ""AL_ECON""]"
7aeffc6c-94c0-4719-a3d3-e03eacfb1480,7,CMB-04,"[""OL_TAM"", ""OL_SCI"", ""OL_MATH""]"
95cfb161-377b-40c0-86d0-ece0f96ee120,8,NUG-01,"[""OL_MATH"", ""OL_SCI""]"
e5dbacbb-881d-4358-aab3-fe4edb270cd2,7,CMB-01,"[""OL_SIN"", ""OL_SCI"", ""OL_TAM"", ""OL_ICT""]"
30fe1351-594e-497d-9108-9e60c18d2fff,8,MAH-01,"[""OL_ENG"", ""OL_SIN"", ""OL_TAM"", ""OL_ICT""]"
630ca0c3-2945-4a65-a676-eba8a1ca2860,11,BAT-01,"[""OL_ICT"", ""OL_MATH"", ""OL_ENG"", ""OL_TAM""]"
09eac00f-a52d-4de5-b1e8-82668826c1f8,8,CMB-03,"[""OL_MATH"", ""OL_TAM"", ""OL_SCI"", ""OL_ENG""]"
07ee36b5-c76c-4827-a3b8-274532025d1f,8,CMB-01,"[""OL_SIN"", ""OL_ICT"", ""OL_ENG""]"
c4ca12fd-c6c3-42e8-9db0-e478d2bb2408,10,CMB-10,"[""OL_SCI"", ""OL_ENG"", ""OL_MATH""]"
f3a24635-bba9-4db4-b5ec-44b64a36e784,12,CMB-06,"[""AL_PHY"", ""AL_BIO"", ""AL_MATH"", ""AL_ECON""]"
71722524-ee51-4717-a9da-fb4e8a429808,12,CMB-07,"[""AL_ECON"", ""AL_ACC"", ""AL_MATH"", ""AL_CHEM""]"
95f7227a-6ee5-45d0-ad55-b52607815d54,13,MAL-01,"[""AL_ACC"", ""AL_BIO"", ""AL_ECON""]"
eb2c3ea2-7942-4c31-aaa1-723ad294493c,8,CMB-03,"[""OL_ICT"", ""OL_SIN"", ""OL_SCI""]"
0231c3aa-13ee-46c4-bc5e-7a2db9723730,10,CMB-05,"[""OL_MATH"", ""OL_ENG""]"
e271a893-bf1c-46fe-83dd-85f785d5f7d6,11,CMB-01,"[""OL_ENG"", ""OL_SCI""]"
dd1f49a1-c063-434e-b0a9-fa48e82a77c8,7,CMB-04,"[""OL_TAM"", ""OL_MATH""]"
1ef99c44-7e36-4c07-a784-95ed8217a29f,10,CMB-08,"[""OL_SCI"", ""OL_MATH"", ""OL_ICT"", ""OL_SIN""]"
87a38e99-f15d-464f-9f15-87da35574699,7,CMB-03,"[""OL_SIN"", ""OL_MATH"", ""OL_TAM"", ""OL_SCI""]"
e65bc84e-b011-449b-b782-0df8d6cbb490,7,DEH-01,"[""OL_ENG"", ""OL_ICT""]"
1d691df1-02e7-4a03-a7c0-74ab9f6231e0,12,MAH-01,"[""AL_CHEM"", ""AL_BIO""]"
663586f3-c6bf-4710-a822-7db1d0f8915b,11,CMB-06,"[""OL_ICT"", ""OL_MATH"", ""OL_ENG"", ""OL_SCI""]"
1d36d787-74f0-491d-a339-f1a9e43c1da2,7,MAH-01,"[""OL_MATH"", ""OL_TAM""]"
d9a7469e-a94c-4d96-b3f1-b74e2f501c03,12,MAL-01,"[""AL_MATH"", ""AL_CHEM"", ""AL_PHY"", ""AL_ACC""]"
0833a95d-79e5-4964-92e2-6eff11f36ca0,13,CMB-04,"[""AL_MATH"", ""AL_PHY"", ""AL_ECON"", ""AL_CHEM""]"
b947875a-e9cb-451d-ae90-34ac4607651b,8,CMB-07,"[""OL_TAM"", ""OL_ICT"", ""OL_ENG"", ""OL_SCI""]"
ea7c03ee-d72c-45b3-9bc0-b62a84a2fad9,8,MTL-01,"[""OL_ENG"", ""OL_TAM"", ""OL_SIN""]"
5fbcf6e6-6162-4233-8acb-c7bacde31645,6,KOT-01,"[""OL_SCI"", ""OL_TAM""]"
162591c3-8826-454c-9cc7-75637f32d970,7,CMB-06,"[""OL_ICT"", ""OL_SIN"", ""OL_MATH"", ""OL_TAM""]"
31469e19-34da-42cc-81db-c365be278668,8,DEH-01,"[""OL_MATH"", ""OL_SIN"", ""OL_ICT"", ""OL_SCI""]"
5ce53942-260d-4603-bf7c-699b91c9a0a0,11,CMB-07,"[""OL_SCI"", ""OL_MATH"", ""OL_ENG""]"
5efc0151-3bef-4591-b302-bf2546d49608,11,NUG-01,"[""OL_MATH"", ""OL_SCI""]"
785e5849-b4d7-4c8c-aeb8-d4ceec17b534,13,CMB-11,"[""AL_CHEM"", ""AL_BIO"", ""AL_PHY""]"
885eb5f5-40b1-4963-bc37-95e8ba90707f,7,MAL-01,"[""OL_ENG"", ""OL_ICT""]"
5a0036a3-c058-4cc9-8513-33b32dd95dda,12,RAJ-01,"[""AL_ACC"", ""AL_PHY"", ""AL_BIO"", ""AL_ECON""]"
c9cd77a3-590f-4d35-aeb2-3f04d75d7e04,11,NUG-01,"[""OL_ICT"", ""OL_SIN""]"
90ec73c7-15a8-433c-98bd-10b0efd28488,13,CMB-11,"[""AL_MATH"", ""AL_ECON"", ""AL_ACC"", ""AL_CHEM""]"
2f970c22-50cd-4898-8487-e2de2d27f0d8,9,HOM-01,"[""OL_SCI"", ""OL_MATH""]"
0f4efd1b-6dc9-400d-9fe0-0bb49f0682ef,10,KOT-01,"[""OL_TAM"", ""OL_SIN""]"
6c342b5e-67f7-4290-9669-bbee31d1f889,7,CMB-10,"[""OL_SIN"", ""OL_MATH"", ""OL_ENG""]"
5c2b21ff-0700-436a-98be-e68dcb67471b,13,BAT-01,"[""AL_ECON"", ""AL_BIO"", ""AL_MATH"", ""AL_ACC""]"
fd40eb17-a0c6-4cab-98e3-ebdae05a6761,8,CMB-05,"[""OL_SIN"", ""OL_SCI"", ""OL_ICT""]"
0fea5251-dfde-487e-b84d-795e33c61a2e,11,CMB-04,"[""OL_ENG"", ""OL_TAM"", ""OL_SIN""]"
becc8b8d-fc7b-4899-a9cb-c1308efe17a1,9,MAL-01,"[""OL_ENG"", ""OL_SIN""]"
ee2fb042-58c7-449e-8ed3-f0d1c8c3c5b3,6,HOM-01,"[""OL_SIN"", ""OL_SCI""]"
d95aac12-0329-4e32-ae33-97f324ec9b7b,9,MTL-01,"[""OL_MATH"", ""OL_TAM"", ""OL_SIN"", ""OL_ICT""]"
6ae5b47d-ff35-430a-b3b2-842663b20d74,11,RAJ-01,"[""OL_SCI"", ""OL_MATH"", ""OL_ICT""]"
872cc8fd-af6b-4e16-bd35-e4f2b3b1aaf7,6,RAJ-01,"[""OL_ENG"", ""OL_SCI"", ""OL_MATH""]"
9a3fc2c7-3e2b-4e9f-a29f-0fe40beafcc7,8,CMB-04,"[""OL_SIN"", ""OL_MATH"", ""OL_ENG""]"
7b5c057f-cefe-4334-bd59-2b1ab12743f9,13,RAJ-01,"[""AL_PHY"", ""AL_CHEM"", ""AL_ACC"", ""AL_MATH""]"
01ae02ce-89f4-4e6e-9926-7134245a1f77,7,RAJ-01,"[""OL_ENG"", ""OL_SCI"", ""OL_TAM""]"
97ef9b1d-cae6-476e-86af-bbd56a144f16,11,RAJ-01,"[""OL_SIN"", ""OL_TAM"", ""OL_SCI""]"
439ca044-8df0-49e4-a043-0802aceee751,12,NUG-01,"[""AL_ECON"", ""AL_BIO"", ""AL_MATH"", ""AL_CHEM""]"
68495bf3-bd25-481e-a67f-9e6451fb4786,9,CMB-04,"[""OL_ICT"", ""OL_TAM"", ""OL_SCI"", ""OL_SIN""]"
29fc6e49-c205-4f29-a4b3-08d1e1f029a7,11,CMB-01,"[""OL_SIN"", ""OL_SCI""]"
de24cd8e-2e72-44af-8593-a356d50ad609,13,MTL-01,"[""AL_ACC"", ""AL_BIO""]"
87980347-96d3-4f4f-b4af-b96dcfd3f3d6,10,MAH-01,"[""OL_MATH"", ""OL_SIN"", ""OL_SCI"", ""OL_ENG""]"
06424a65-36b1-420d-9ad9-281d0529c699,13,CMB-05,"[""AL_PHY"", ""AL_ACC""]"
d33dd742-15af-4edc-ba9c-70a804baac15,12,HOM-01,"[""AL_ECON"", ""AL_BIO""]"
56c76904-1c57-4076-80f3-63324640c281,9,NUG-01,"[""OL_SCI"", ""OL_TAM""]"
3dae436c-aa99-4c27-98e5-c2ab9498d91f,6,NUG-01,"[""OL_MATH"", ""OL_ENG"", ""OL_TAM""]"
669500b8-edc9-4bcf-b1a3-70d447d2ed7b,7,MAL-01,"[""OL_SIN"", ""OL_ICT"", ""OL_TAM"", ""OL_SCI""]"
a6f4c783-987c-4f9c-90f8-152ddba368c3,11,HOM-01,"[""OL_TAM"", ""OL_ENG"", ""OL_MATH""]"
a0089957-9774-4a5d-8ed4-950669a52f52,8,BAT-01,"[""OL_ENG"", ""OL_SCI"", ""OL_TAM""]"
78224174-4526-4e84-b112-b8e0fe1f7967,12,KOT-01,"[""AL_ACC"", ""AL_BIO"", ""AL_CHEM""]"
8a9bbab0-c3cf-48fa-9882-ad9b981e9c9f,7,CMB-04,"[""OL_MATH"", ""OL_ICT""]"
17d20978-c05b-48dd-b8d8-b8b495d8f931,12,CMB-05,"[""AL_ACC"", ""AL_ECON"", ""AL_MATH""]"
b8b8f3cc-2372-43a1-99dd-242fe5ffcd70,13,MAH-01,"[""AL_MATH"", ""AL_CHEM"", ""AL_BIO"", ""AL_ACC""]"
d8fdf5e1-2782-4afa-bf2a-9c5cd26f12d7,9,BAT-01,"[""OL_SIN"", ""OL_MATH"", ""OL_SCI"", ""OL_ICT""]"
cdc3795e-6f10-4488-aa69-c163d43479e4,7,NUG-01,"[""OL_SIN"", ""OL_ICT"", ""OL_MATH""]"
ef69d1df-7ad5-4237-895b-09ff13771c08,11,CMB-10,"[""OL_ENG"", ""OL_ICT"", ""OL_TAM"", ""OL_SCI""]"
7c9c4e6d-96e9-4894-9efb-9cc25a88b718,12,CMB-10,"[""AL_BIO"", ""AL_MATH""]"
1520d45b-d1d8-47d8-ba18-1e687a95380a,6,CMB-01,"[""OL_ENG"", ""OL_TAM""]"
f3f8d2d7-837a-4ca7-ad18-549e7e8acee2,11,MTL-01,"[""OL_TAM"", ""OL_SIN""]"
9299a359-e943-44ec-a59d-c03a70668d1d,9,HOM-01,"[""OL_SCI"", ""OL_TAM"", ""OL_SIN""]"
ea68934a-b1a7-4316-a334-ba3c0f982c57,6,RAJ-01,"[""OL_ICT"", ""OL_SIN""]"
08a7e9b3-6587-41ab-9b76-9740c80cdc22,8,KOT-01,"[""OL_TAM"", ""OL_SCI"", ""OL_SIN""]"
c50d9894-7d90-4b85-bda2-78c67f38b39b,9,CMB-05,"[""OL_SCI"", ""OL_TAM"", ""OL_MATH"", ""OL_ENG""]"
d3da3a0b-993c-45e8-97ad-511d86512205,12,CMB-11,"[""AL_PHY"", ""AL_CHEM"", ""AL_ACC"", ""AL_MATH""]"
2e86069c-4fe3-49e4-b4b3-1643a3436b80,7,CMB-01,"[""OL_MATH"", ""OL_TAM"", ""OL_SCI""]"
c038ec3e-d7f2-4019-be3d-f8ed5841c511,6,HOM-01,"[""OL_TAM"", ""OL_SIN""]"
e5b6d7f6-9d0c-4787-a451-82dc72e7a73e,6,CMB-06,"[""OL_ICT"", ""OL_ENG"", ""OL_SCI""]"
43aad744-7891-476b-b9f2-75075eeee4e7,9,CMB-10,"[""OL_SCI"", ""OL_TAM"", ""OL_ICT""]"
bb5335e6-6bc2-43f5-b1a6-e2f6663018d6,12,CMB-11,"[""AL_MATH"", ""AL_CHEM"", ""AL_ACC"", ""AL_BIO""]"
475f9ed6-6df0-4ff3-bb30-592bebf045d6,6,CMB-05,"[""OL_SIN"", ""OL_TAM""]"
7869d9e2-1814-41e7-880c-ced803a7f79b,7,CMB-05,"[""OL_ENG"", ""OL_ICT""]"
22aa4bcd-b876-4dc7-a2a0-c20eb7038f15,8,CMB-04,"[""OL_SIN"", ""OL_ENG""]"
a1b9f93a-278c-4f54-8b50-19f34d7f8561,9,KOT-01,"[""OL_SIN"", ""OL_MATH""]"
2113ab96-0c8f-43ba-819f-3a61976b6dd0,12,CMB-04,"[""AL_ACC"", ""AL_MATH"", ""AL_PHY""]"
331460b6-efb3-41c1-991f-33d56280a7b4,12,KOT-01,"[""AL_ACC"", ""AL_BIO"", ""AL_PHY""]"
584fda34-3f14-482e-b391-908155542950,8,DEH-01,"[""OL_SCI"", ""OL_TAM""]"
d8a2e675-7d95-4c7c-ae54-97733354254b,6,CMB-05,"[""OL_ENG"", ""OL_SIN"", ""OL_MATH""]"
fa5f5403-bf5b-49ac-8231-5b02cfe9f781,8,MAH-01,"[""OL_ENG"", ""OL_MATH"", ""OL_SCI"", ""OL_ICT""]"
1797840a-85be-4770-8968-cea7295b613f,6,HOM-01,"[""OL_TAM"", ""OL_ICT""]"
6d4e8c47-bbcc-4d22-8853-a4890a03b73f,8,CMB-08,"[""OL_MATH"", ""OL_SCI"", ""OL_ICT""]"
726ce50b-317b-455f-a56a-050a65cd3d3e,11,CMB-06,"[""OL_MATH"", ""OL_SCI""]"
fcf2437d-cbb3-462d-8a4e-e562cc1c14cc,10,CMB-11,"[""OL_SCI"", ""OL_MATH"", ""OL_ENG""]"
18b546c9-9bec-4e5f-b9e1-292f679b66a9,10,BAT-01,"[""OL_SIN"", ""OL_ICT"", ""OL_TAM"", ""OL_MATH""]"
b01a76a6-b66c-4e93-9f09-d2c01a1cb541,10,CMB-07,"[""OL_ICT"", ""OL_ENG""]"
