user_id,bio,qualifications,subjects_taught,area_code,mode,base_price,rating_avg,rating_count,status,reviewed_by,reviewed_at
969fc0f3-9b8c-4108-b3ae-9ba9112c7939,Budget American evidence enough claim suffer accept. Report choice child follow anything usually past.,"BEd, MEd","[""AL_PHY"", ""AL_MATH"", ""OTHER_MUS""]",KOT-01,online,7997.00,3.28,300,pending,,
5e6d6f5e-93bd-43be-a2c1-6d55212ac34d,So nearly authority remain moment whatever minute. City myself idea glass third professional former.,"MSc, BSc","[""AL_ECON"", ""OL_SCI""]",CMB-11,hybrid,6602.00,4.02,55,approved,9e522624-1f97-4302-9465-85b04a9b0e81,2025-07-13T22:56:12Z
580b200b-f3a8-408f-b446-174b169adf66,Wear peace little no sell. Boy generation drive.,MSc,"[""OL_ICT"", ""AL_MATH"", ""OL_MATH""]",MAH-01,online,4857.00,4.01,150,pending,,
182ce420-ceef-4feb-a8e6-e2d1ab23bc6d,During always those high someone box either rich. Treat state heart. Knowledge analysis together court message way cold. Mouth phone decision picture defense rate structure.,"BSc, Chartered","[""OTHER_ART""]",MTL-01,online,3023.00,3.11,183,approved,54d74db3-6d7a-4c4d-98a8-6abbda4ba1b6,2025-07-21T08:29:03Z
f44b6ddc-d81b-47f5-8a2c-42a7251a37f8,Stock these scientist itself stage authority rather. Learn forward beautiful.,"MSc, BEd, Chartered","[""OL_SCI"", ""AL_MATH"", ""OL_TAM""]",MTL-01,physical,7372.00,3.03,168,approved,54d74db3-6d7a-4c4d-98a8-6abbda4ba1b6,2025-05-28T05:58:09Z
e4cd7b6d-029b-4638-9603-6b1016b5ff7d,Some newspaper offer direction.,"MEd, PGDip","[""OL_SCI"", ""AL_BIO"", ""AL_ECON""]",CMB-05,physical,7367.00,4.87,311,pending,,
a7cd8580-235a-4c4b-a5d9-787702c5c7fa,Hold picture item admit pull movement. As second animal summer group me face rate.,"MSc, BEd","[""OL_SCI"", ""OTHER_MUS""]",MTL-01,hybrid,3123.00,2.62,100,approved,d93f0921-bcd2-4590-a837-891078d08fe8,2025-06-13T11:15:47Z
3f3866e4-9ff4-4876-9f37-f610756c5e4c,Example unit high state. Listen mouth carry. Someone support far plant fear thought. Whatever action themselves center among of.,"BSc, BEd","[""OL_TAM"", ""OL_ENG""]",MTL-01,physical,3436.00,2.55,295,approved,9e522624-1f97-4302-9465-85b04a9b0e81,2025-02-28T16:50:20Z
67ab0586-1de4-43ff-8364-935e047cd021,Natural be decide scientist rise deep town. Central contain pattern education boy provide note. Surface usually yes.,"PGDip, BSc","[""OL_ICT"", ""OTHER_ART""]",MAH-01,online,6782.00,2.67,8,approved,4695ed77-96b5-4555-a18d-6c14311baf8c,2025-06-23T19:01:59Z
43520f28-6ff9-4738-8627-742e100f9c7c,Available public economy culture oil week ground. Beyond people too fish late. Process really charge note space when collection finish.,BSc,"[""OL_SCI"", ""OL_ICT"", ""AL_BIO""]",HOM-01,hybrid,5545.00,2.62,313,approved,4695ed77-96b5-4555-a18d-6c14311baf8c,2025-09-06T11:45:23Z
64cdd7d8-4433-43d3-9bdc-bda2afa9cda4,Everybody growth quickly former lose knowledge. Main board population bank exactly.,MEd,"[""OL_SCI""]",CMB-10,online,1585.00,2.76,71,approved,4695ed77-96b5-4555-a18d-6c14311baf8c,2025-05-25T19:10:45Z
1a301950-ef34-4770-a90a-c2dedf00e208,Cultural safe phone road throughout support place. Often shoulder defense already end thus music president.,BSc,"[""OTHER_ART"", ""OL_MATH""]",NUG-01,hybrid,5903.00,4.84,2,pending,,
0f6fc8e9-a72e-48b0-90c6-262b2e8438d5,Hotel through operation tax card may. However maybe production summer.,"Chartered, MSc","[""AL_PHY"", ""OL_SCI"", ""OL_ENG""]",DEH-01,online,4197.00,4.48,313,approved,f08a689e-ac96-4a02-becc-822cfa936905,2025-04-21T09:34:23Z
02c43c58-5598-4505-a7f3-2e8c7101e10b,Serious cell city not. Process whose save low grow despite maintain. Enough doctor protect military. Hold truth thing always possible billion.,"PGDip, MSc, BSc","[""OL_ICT"", ""OTHER_ART""]",RAJ-01,physical,6974.00,3.8,62,approved,4695ed77-96b5-4555-a18d-6c14311baf8c,2025-09-05T05:37:28Z
1cd16552-9a12-4586-aeff-924e7059a4ab,Strong enjoy name community president. Onto together back edge win development. Good test main lot page maybe.,"MEd, MSc, BSc","[""AL_ECON""]",CMB-11,hybrid,7327.00,3.38,42,pending,,
e5247740-b90c-4a7f-bbfd-d7f79d45f3c1,Close baby poor deep cost gun. Produce increase form box.,Chartered,"[""OL_SCI"", ""OL_ICT""]",CMB-04,hybrid,1993.00,2.53,108,approved,4695ed77-96b5-4555-a18d-6c14311baf8c,2025-05-10T21:02:35Z
09772315-9a98-42d8-97a0-bd9e4053293d,Decision claim street against amount of claim. Mention three chair coach two might if wide. These road start.,"PGDip, Chartered","[""OL_SIN""]",MAH-01,physical,4067.00,4.27,159,approved,9e522624-1f97-4302-9465-85b04a9b0e81,2025-04-08T22:21:10Z
b39a5694-131a-44d5-b962-29a9380edbd2,Last yeah test color store. Central old should perhaps member cold rate two.,MEd,"[""AL_PHY""]",MAH-01,online,4778.00,2.67,96,approved,54d74db3-6d7a-4c4d-98a8-6abbda4ba1b6,2025-04-07T12:50:04Z
5db5011a-4529-4103-a07f-696097e0d164,Attention her car admit mission training range step. Benefit live pass although six me brother lot. Top much ability visit. Miss have analysis morning director sort.,"BSc, PhD, PGDip","[""OL_TAM"", ""OL_SCI""]",CMB-05,online,5275.00,3.17,95,approved,9e522624-1f97-4302-9465-85b04a9b0e81,2025-08-21T16:26:41Z
638cb400-4331-490e-a416-f8e4d9a3e345,Open scientist seven recent best care. She travel base our myself election accept. Official brother according.,"PGDip, MEd, Chartered","[""OL_MATH""]",CMB-08,online,5613.00,3.77,220,approved,54d74db3-6d7a-4c4d-98a8-6abbda4ba1b6,2025-07-20T12:07:53Z
f4bf1f9f-9d31-494a-8dbf-4fff53d62fcc,Impact blood international one end movie. Hand every quite sense including six lot.,MEd,"[""AL_ECON""]",CMB-08,online,4798.00,3.99,90,approved,4695ed77-96b5-4555-a18d-6c14311baf8c,2025-08-14T06:38:51Z
07906fe7-1c22-4d1a-9d78-34d4ea4e7646,Never effect fill general relationship save talk. Security land record class. Meet skill song pass range.,PhD,"[""AL_CHEM""]",CMB-10,hybrid,3298.00,2.63,58,approved,54d74db3-6d7a-4c4d-98a8-6abbda4ba1b6,2025-05-30T14:59:48Z
4b5da2b7-5f22-4529-9fad-05a5b02e6a54,Home player source statement.,PhD,"[""OL_ENG""]",CMB-10,hybrid,7230.00,3.48,207,approved,54d74db3-6d7a-4c4d-98a8-6abbda4ba1b6,2025-09-07T04:51:36Z
9808f420-ba3a-4f1b-83db-4aaefe6e1761,Itself ask develop bag also his worker pass. Expert white arm similar compare manager action. Experience almost outside middle discuss college already.,PhD,"[""OL_TAM"", ""AL_ACC"", ""OL_SIN""]",DEH-01,hybrid,3859.00,2.74,1,approved,9e522624-1f97-4302-9465-85b04a9b0e81,2025-08-31T01:14:07Z
f010eed1-e3ed-4dc4-967b-bbf5ad2650b2,Wish beautiful every. Good house only military say attention.,"BSc, MSc","[""OL_MATH"", ""OL_ENG""]",CMB-04,online,4221.00,2.85,233,approved,4695ed77-96b5-4555-a18d-6c14311baf8c,2025-08-12T02:03:11Z
28049814-0c84-4586-952d-640f6ddd9372,Expect stop trip give white everybody paper. Lawyer identify above company media.,BEd,"[""OL_SCI"", ""OL_MATH""]",CMB-01,physical,5381.00,2.5,298,pending,,
0c787ecf-1810-4786-8890-c783d8f57f26,Me future bring message. Then spend offer reason whom. Low during fund simply race to television.,"PGDip, Chartered","[""OTHER_ART"", ""AL_ACC""]",DEH-01,hybrid,5803.00,2.92,257,approved,d93f0921-bcd2-4590-a837-891078d08fe8,2025-04-06T17:31:23Z
b5c240fa-a9d8-49a8-b847-e7ce29991539,Election him small detail. Son include good movie red. Eat behavior purpose start away.,"Chartered, MEd, BEd","[""AL_ACC"", ""OL_ICT""]",NUG-01,hybrid,3608.00,3.72,339,approved,d93f0921-bcd2-4590-a837-891078d08fe8,2025-07-13T20:14:30Z
7f7f20ef-559b-4d48-a055-f42d669237f2,Finish despite off consumer second us couple. Dog drug enter director strong.,MSc,"[""OL_ENG"", ""OL_ICT"", ""AL_PHY""]",MAL-01,online,7117.00,4.32,265,approved,4695ed77-96b5-4555-a18d-6c14311baf8c,2025-05-23T10:27:24Z
9a72a315-a2ad-40b9-bfdc-60842ebdae89,Choose blood turn put professional pass. When summer he firm together thing off. Make worker trouble exactly develop. Campaign moment institution vote allow girl team.,"MSc, PhD, MEd","[""AL_ECON"", ""AL_CHEM"", ""AL_PHY""]",RAJ-01,online,7597.00,2.98,45,rejected,d93f0921-bcd2-4590-a837-891078d08fe8,2025-06-13T06:40:53Z
5df91105-c1d9-4906-be93-6fa46c52e201,With recently least ready activity decision ok. Gun technology cost enjoy especially when.,"Chartered, PhD, MEd","[""OL_SCI"", ""AL_MATH"", ""AL_PHY""]",MTL-01,online,4918.00,3.27,141,approved,9e522624-1f97-4302-9465-85b04a9b0e81,2025-07-10T05:04:31Z
319c0c87-0653-489e-a34d-d3cc5d47085e,Contain interest industry sell half hundred. Conference capital office direction between establish dog. Task cultural son school list act.,"PGDip, PhD","[""AL_CHEM"", ""AL_ECON"", ""OL_ENG""]",CMB-05,hybrid,5587.00,2.87,350,approved,9e522624-1f97-4302-9465-85b04a9b0e81,2025-06-19T10:29:15Z
3dd0d418-0945-4d40-a235-84b0960e039f,Care throw piece move firm main economy. Answer between clear democratic effect stuff benefit. Employee growth newspaper special general in.,"BSc, PGDip","[""AL_PHY""]",CMB-04,hybrid,1627.00,2.6,232,approved,9e522624-1f97-4302-9465-85b04a9b0e81,2025-04-15T20:01:50Z
31604f3c-6043-4657-99d5-175e8c9459b0,Current office power company sister great pull maintain. Threat high expert place certain cold space. Instead partner if trade bad gas.,MEd,"[""OTHER_ART"", ""AL_CHEM"", ""OL_ENG""]",NUG-01,physical,1505.00,3.13,25,approved,54d74db3-6d7a-4c4d-98a8-6abbda4ba1b6,2025-09-09T20:26:30Z
1aa6d94a-f97c-47bd-b87a-459d5b10efc4,President report painting house thought sit. Security minute late cold take by. Product wait red bag cold.,"PhD, MSc","[""OL_SIN"", ""OL_MATH""]",CMB-11,online,7505.00,3.58,100,pending,,
092b46e6-3c54-4d2c-a45d-4cc6e70e115d,As these nature ago. Model you billion peace base use.,MEd,"[""OL_ICT"", ""OTHER_ART"", ""AL_BIO""]",KOT-01,online,2303.00,4.8,133,approved,f08a689e-ac96-4a02-becc-822cfa936905,2025-08-15T03:37:40Z
7c387a75-d192-4057-90f5-3a97c817df5c,Director scene kitchen call money. Agreement professional team foot. Level that various nature career way much.,MSc,"[""OL_ENG"", ""AL_MATH"", ""OTHER_ART""]",CMB-08,online,4910.00,3.0,283,approved,54d74db3-6d7a-4c4d-98a8-6abbda4ba1b6,2025-08-24T23:47:46Z
450f4f26-1e64-4356-bb83-0dd586e77c73,Lead see theory itself policy move training loss. Source kind hand employee field. Model serve carry. Light across two water local.,"PGDip, BSc","[""AL_PHY"", ""AL_MATH""]",MAH-01,online,4066.00,4.84,257,approved,4695ed77-96b5-4555-a18d-6c14311baf8c,2025-07-14T10:51:06Z
ff5d149d-be95-42b5-bcc9-681503503ebc,Something others someone nature country think.,"BEd, Chartered, PhD","[""AL_CHEM"", ""OL_ICT"", ""OL_ENG""]",HOM-01,online,7781.00,2.72,215,approved,54d74db3-6d7a-4c4d-98a8-6abbda4ba1b6,2025-06-01T03:08:50Z
b84ed6d3-6ce8-4ce9-b33c-90e6c5800e59,Economic resource position stock determine bad. Dream share travel space range expect sea speak. Could attention carry book lay laugh.,PhD,"[""OL_SCI""]",CMB-03,hybrid,4716.00,3.51,64,approved,9e522624-1f97-4302-9465-85b04a9b0e81,2025-08-24T15:05:38Z
77ef85d6-c58c-49d7-984a-a791bf79ce2c,Could affect anyone movement control bill especially. Road do character management game find. Your less social form such weight argue. Author like court success stage stock.,"MEd, BSc, MSc","[""AL_BIO"", ""AL_ECON"", ""AL_CHEM""]",CMB-05,online,2297.00,3.91,148,approved,d93f0921-bcd2-4590-a837-891078d08fe8,2025-04-15T01:27:13Z
36048b1b-35f4-4834-a307-6b3b218f4737,His window east yes current. Miss word list race.,"PhD, MEd, BSc","[""OTHER_MUS"", ""OL_ENG"", ""OL_TAM""]",MAH-01,online,7565.00,2.84,253,pending,,
2a6ec7f2-97d1-4f26-990e-7d04b8112405,City rock seat near business loss. Cup thought tell design both.,PGDip,"[""OL_SIN""]",MAL-01,physical,3144.00,2.67,58,approved,d93f0921-bcd2-4590-a837-891078d08fe8,2025-04-05T12:21:37Z
6cafbfda-22d4-4a37-8d05-1552961941d3,Address some once how during why. Situation little other he become citizen before peace. Art green child movie blue maintain first next.,Chartered,"[""OTHER_MUS""]",CMB-01,hybrid,5135.00,2.64,200,approved,4695ed77-96b5-4555-a18d-6c14311baf8c,2025-09-02T18:07:06Z
d45e08b1-97d5-487a-993f-54eeb612429b,Run again help right economy always. Next my majority note myself food. Every story trial never attention choice fast.,MSc,"[""AL_ECON""]",HOM-01,online,6519.00,3.6,348,approved,d93f0921-bcd2-4590-a837-891078d08fe8,2025-08-13T19:21:15Z
58622af7-55b0-47a5-b9f2-8286b7820528,Happen a point here control affect task. Draw return probably much hold model marriage necessary.,"MEd, BSc","[""AL_PHY"", ""OL_TAM""]",CMB-06,hybrid,6885.00,2.93,123,approved,9e522624-1f97-4302-9465-85b04a9b0e81,2025-05-15T16:55:58Z
cfce5de7-2e18-47ae-860a-5f542362f456,Follow political book model at. Condition all blood court. Number student price. Perhaps opportunity any determine responsibility actually TV.,BSc,"[""AL_MATH"", ""OTHER_MUS""]",MAL-01,online,3754.00,3.46,200,pending,,
dcee4380-235a-44d7-88a1-23f7937ab3aa,Life police guess sea. State some around pay more same. Back democratic mind big discuss.,PGDip,"[""OL_ICT""]",DEH-01,online,6122.00,2.53,199,approved,9e522624-1f97-4302-9465-85b04a9b0e81,2025-08-18T12:22:26Z
1947b76a-51a2-48f9-995b-70761102b5be,Cover prevent now way next. Indeed black police group learn professor third. Society nearly measure price.,"BEd, PGDip, Chartered","[""OL_ICT""]",BAT-01,online,2796.00,3.75,183,pending,,
2700ee4d-9884-4741-8522-8416b149961f,Kitchen good firm yard foot he share issue. Part none degree she unit effect. Language however risk work other military year.,"PhD, PGDip, BSc","[""OTHER_ART"", ""OTHER_MUS""]",CMB-04,online,2740.00,4.14,180,approved,4695ed77-96b5-4555-a18d-6c14311baf8c,2025-04-22T06:47:12Z
4e16cf8e-ac4a-454a-93fb-5bdc3e808b43,Feel develop talk. Sign wall state.,"BEd, Chartered","[""AL_ACC""]",MAL-01,online,5364.00,4.15,310,approved,9e522624-1f97-4302-9465-85b04a9b0e81,2025-06-07T13:41:14Z
419e1852-e046-45ff-b29d-aae6eff62006,News unit choice also green catch happen. Economic eight feel now notice design baby foot. Common stay ready office traditional organization feel.,MEd,"[""OL_SIN""]",NUG-01,physical,4807.00,2.61,34,pending,,
461ce3e7-4635-44d3-b824-ba453767155e,Bad argue side girl stage indicate. Thank dinner present own. Plant place approach.,"Chartered, PGDip","[""AL_ACC""]",CMB-05,online,7065.00,3.31,243,approved,f08a689e-ac96-4a02-becc-822cfa936905,2025-04-08T20:13:17Z
981d4bf6-c443-419c-b973-1ba7890fcbae,Floor north force. Check purpose young wife send. Measure develop face hour car bar number.,"BSc, MEd","[""AL_ECON"", ""OL_MATH"", ""OL_ENG""]",CMB-04,online,3551.00,2.59,58,approved,4695ed77-96b5-4555-a18d-6c14311baf8c,2025-07-22T06:27:38Z
19109da6-c342-4bbb-b532-bd742e1038f7,Human be maybe similar candidate care nice.,"MSc, PGDip, BEd","[""OL_TAM"", ""OL_SIN"", ""OTHER_ART""]",BAT-01,online,6721.00,3.89,293,approved,4695ed77-96b5-4555-a18d-6c14311baf8c,2025-08-15T19:27:35Z
ae29b482-b2ea-4c4f-aee9-2453a4363e66,Present cultural pattern save east author. Food under become public interest give. General pretty show college glass start.,"BEd, Chartered","[""OL_ICT""]",CMB-08,online,1698.00,4.9,322,approved,d93f0921-bcd2-4590-a837-891078d08fe8,2025-04-22T11:39:50Z
9dd99f42-3c94-44ff-8330-6c558f393549,Certainly and stand current health serious table both. Drug per challenge. Add really born late age.,"Chartered, MSc, BSc","[""OL_ICT"", ""OTHER_MUS"", ""AL_BIO""]",CMB-04,online,7089.00,3.82,328,approved,f08a689e-ac96-4a02-becc-822cfa936905,2025-08-29T21:02:10Z
ae065e8d-a9f3-4b45-8b5f-22da095e2ab0,Deep national seek nature performance yeah reason. Heavy town money.,"MSc, BSc","[""OL_SCI""]",BAT-01,online,4581.00,3.92,36,approved,9e522624-1f97-4302-9465-85b04a9b0e81,2025-06-22T17:12:10Z
441acfe0-72fa-466a-821b-292e2ac8f7f5,Art customer recent even. Pressure across home even system process ten.,BEd,"[""OL_TAM""]",HOM-01,online,3335.00,4.81,148,approved,54d74db3-6d7a-4c4d-98a8-6abbda4ba1b6,2025-03-25T06:53:31Z
eb72cc80-809d-4aa7-9d3d-23ad3c92d450,Test power discuss herself with.,BSc,"[""AL_PHY"", ""OL_TAM"", ""AL_ECON""]",CMB-10,hybrid,6507.00,3.28,256,approved,9e522624-1f97-4302-9465-85b04a9b0e81,2025-04-10T22:57:02Z
66ee8817-f69b-449d-ad24-efc7a3043a08,Machine others because current whom night. Always two figure.,Chartered,"[""OL_MATH"", ""OL_SIN"", ""AL_PHY""]",MTL-01,online,3142.00,4.72,171,approved,f08a689e-ac96-4a02-becc-822cfa936905,2025-07-04T21:42:21Z
36552e06-298b-4756-8fdf-f22749eda418,Season adult range green few you. Every artist election hit yourself wrong want. Difficult game hotel case role.,"BSc, Chartered, MEd","[""OL_TAM""]",CMB-03,online,2079.00,4.0,213,approved,d93f0921-bcd2-4590-a837-891078d08fe8,2025-08-31T19:59:58Z
67777126-3f91-4260-9daa-d1ce212da413,Their rather individual of interview fine painting last. Deal catch must son. Finally relate model career.,BEd,"[""OL_MATH""]",MAL-01,physical,6827.00,3.58,179,approved,f08a689e-ac96-4a02-becc-822cfa936905,2025-03-07T05:23:29Z
361a8d6d-6f7b-4e53-9511-ebdbad292d87,True fish newspaper we brother fish they. She they increase.,"MSc, BSc, PGDip","[""AL_ACC"", ""AL_MATH""]",KOT-01,physical,7545.00,3.88,9,approved,4695ed77-96b5-4555-a18d-6c14311baf8c,2025-04-16T12:49:22Z
4839ebcb-f74d-4dca-9003-7fb7721bb322,Kitchen value thus value event. Blood continue several partner environment. Partner others discuss ago bag sister care.,"BSc, MSc, PGDip","[""OL_SCI""]",CMB-05,hybrid,4512.00,2.98,180,approved,d93f0921-bcd2-4590-a837-891078d08fe8,2025-05-30T09:25:59Z
5c0dd307-ba82-40ce-9841-5f92b06b1da4,Republican hear system man case cover allow. Understand wear development. Serious at until worry term. Reach term thought into simply part station.,PhD,"[""OL_TAM""]",HOM-01,physical,1622.00,4.53,127,approved,f08a689e-ac96-4a02-becc-822cfa936905,2025-08-16T05:09:46Z
8c175bb4-720d-432c-ab7f-a2f24aace261,Particularly score order modern then skin. Body lead there there early Mrs worker. Newspaper might piece.,"MSc, PGDip, PhD","[""OL_TAM""]",NUG-01,physical,3500.00,2.82,149,approved,d93f0921-bcd2-4590-a837-891078d08fe8,2025-03-28T17:23:22Z
ad615e2a-337e-4a7d-b8f9-1c1f9520f27b,Fact huge fight still leave.,"BSc, Chartered, PhD","[""AL_ACC"", ""AL_CHEM""]",CMB-10,online,3979.00,4.45,187,approved,f08a689e-ac96-4a02-becc-822cfa936905,2025-06-10T19:08:06Z
584e8113-dc03-45e7-a29f-f1ff2a1e42e8,Party approach might central stop. Bed may conference one thus national hotel. Late condition opportunity Republican dark lawyer.,BSc,"[""AL_ACC"", ""AL_CHEM""]",RAJ-01,hybrid,6594.00,3.2,248,approved,f08a689e-ac96-4a02-becc-822cfa936905,2025-05-27T10:16:35Z
ffc860bb-534a-4392-a7be-1bed6a3f3294,Reality trade someone responsibility but box. Plant be religious risk window partner civil.,"Chartered, BSc","[""OL_MATH""]",NUG-01,hybrid,7954.00,2.59,72,approved,4695ed77-96b5-4555-a18d-6c14311baf8c,2025-08-22T02:54:12Z
9907ee0a-0140-4e8f-805c-94e4be4ed80c,Analysis color friend the television class. Condition Republican information finally. Eye Congress together whether about she activity.,"PGDip, BSc","[""OL_MATH"", ""AL_MATH""]",CMB-11,online,4647.00,4.57,153,approved,54d74db3-6d7a-4c4d-98a8-6abbda4ba1b6,2025-07-26T00:04:16Z
3c9c2223-c184-46c0-b31c-fa18342afd15,Myself accept third down open little improve. Over according think everything. Newspaper stay any challenge president already take project.,"Chartered, PhD, MEd","[""OTHER_ART"", ""OL_ICT"", ""OL_MATH""]",CMB-10,online,3010.00,3.58,337,approved,54d74db3-6d7a-4c4d-98a8-6abbda4ba1b6,2025-03-11T01:19:11Z
147ae18d-8712-48f4-bf26-33e2d739e592,Former because board year claim. Particularly reality organization skin concern. See growth along shoulder follow today star. Successful assume likely business teacher forget.,"Chartered, BEd","[""AL_MATH"", ""AL_ACC"", ""AL_ECON""]",CMB-08,hybrid,4293.00,3.59,318,approved,d93f0921-bcd2-4590-a837-891078d08fe8,2025-04-10T07:26:19Z
fe83c5fe-91dc-48f4-9334-ce567299e235,Decide decade around number without more because. Value worry expert participant first moment yet government. Pass market role marriage.,"Chartered, MEd","[""OL_SIN"", ""OL_ENG"", ""OL_MATH""]",BAT-01,online,7391.00,4.42,290,approved,4695ed77-96b5-4555-a18d-6c14311baf8c,2025-08-27T09:22:48Z
9f114cbc-44bf-4ced-99c3-df425436c674,Discussion fact cover brother let someone scene debate. Yourself increase free night point action cut example.,"Chartered, MEd","[""OL_TAM"", ""AL_ECON""]",CMB-11,online,3547.00,3.24,277,approved,d93f0921-bcd2-4590-a837-891078d08fe8,2025-06-13T09:54:23Z
2a97c050-6ac9-4f58-86d4-f5f55be06f9c,Feel nearly short box four. Right pattern ahead compare form full.,PGDip,"[""OL_MATH"", ""AL_PHY""]",CMB-01,online,6156.00,3.3,338,approved,f08a689e-ac96-4a02-becc-822cfa936905,2025-08-18T06:07:21Z
c5b1bfe3-9cec-4a25-a07c-2165b4f6810d,Something population loss physical throughout Mr friend. Until argue minute north question new. Decade rate son.,"BSc, PGDip","[""AL_BIO"", ""AL_CHEM""]",CMB-03,hybrid,5433.00,4.61,326,approved,d93f0921-bcd2-4590-a837-891078d08fe8,2025-03-29T18:57:23Z
2a46a32e-6f4b-4ed1-b40b-1ff8c00a5c2d,Wide exactly all worker. Move coach paper cost bring site final tax. Even beautiful theory.,"MEd, BSc, MSc","[""OTHER_MUS""]",CMB-07,online,7944.00,3.15,141,approved,f08a689e-ac96-4a02-becc-822cfa936905,2025-05-05T15:56:24Z
f4e72b04-6296-4920-a344-87b6a53ac34f,Stop few modern company hear also dark. Kitchen agent lot matter. Future low them financial force.,"PhD, Chartered, BSc","[""AL_ACC"", ""OL_SIN"", ""OL_MATH""]",CMB-05,physical,3009.00,3.77,350,approved,54d74db3-6d7a-4c4d-98a8-6abbda4ba1b6,2025-03-15T04:34:48Z
a15c54fa-5444-4385-86a0-25860ababab1,Quality car right least require mission about. Reach organization beautiful.,MSc,"[""AL_CHEM""]",NUG-01,physical,1866.00,3.09,307,approved,9e522624-1f97-4302-9465-85b04a9b0e81,2025-08-18T06:09:35Z
2f48084b-0ab2-4bbd-8676-25410d30463b,Billion she seat. Officer fine throughout. Customer expert mother significant provide evening.,"Chartered, PhD, MEd","[""OL_ICT""]",CMB-08,online,4542.00,3.54,348,approved,54d74db3-6d7a-4c4d-98a8-6abbda4ba1b6,2025-04-23T11:07:23Z
2989ec44-5231-4e26-a747-836bac1781fa,Boy when nice bill my. Five center region exist each author party.,BEd,"[""OL_MATH"", ""OL_TAM""]",RAJ-01,hybrid,4569.00,4.86,240,approved,d93f0921-bcd2-4590-a837-891078d08fe8,2025-04-30T03:44:58Z
1c93c0e8-1eea-4cf1-9732-8c485347c8b9,Kitchen candidate likely push black approach interview. Relate through picture real. Pattern fine stage require provide move wind.,"MSc, PGDip","[""OTHER_ART"", ""AL_BIO"", ""AL_ACC""]",CMB-01,online,3232.00,3.78,160,pending,,
46f7959f-7f4c-46fd-9764-a7b45f5dd7ab,Capital spend turn life lay range report. Like water century time election guy contain. Small think law air little goal.,"MEd, PGDip, BEd","[""AL_CHEM"", ""AL_BIO"", ""AL_ECON""]",CMB-03,physical,2729.00,4.41,195,approved,d93f0921-bcd2-4590-a837-891078d08fe8,2025-05-25T02:46:21Z
16971955-f93a-4bbf-9176-d58e31ceb82b,Executive give offer meet. Stage someone for power society mouth. Opportunity draw during city lot at.,"PhD, MSc, Chartered","[""OL_TAM"", ""OL_SIN""]",CMB-05,hybrid,5823.00,4.02,26,approved,9e522624-1f97-4302-9465-85b04a9b0e81,2025-08-17T04:06:21Z
b0559ea1-e85f-4bdb-9146-6e651c38ca3b,Issue woman note garden reason community prove school. Student boy other foot best knowledge final.,"BSc, PhD","[""AL_ACC"", ""AL_MATH""]",CMB-10,hybrid,4465.00,3.64,118,approved,d93f0921-bcd2-4590-a837-891078d08fe8,2025-05-31T12:14:30Z
b866fca3-113d-4d87-a5db-d05c7aefed89,Our rate others star. Management produce bed stage thought tough. Serious produce laugh.,Chartered,"[""OTHER_MUS"", ""OL_ENG"", ""AL_CHEM""]",HOM-01,physical,4467.00,3.71,334,approved,4695ed77-96b5-4555-a18d-6c14311baf8c,2025-05-27T03:04:30Z
7ac041aa-c134-478b-9b95-028022f97ff7,Past language day theory feel some. Truth view response trip wrong.,PGDip,"[""OL_ICT"", ""OL_SCI""]",RAJ-01,physical,6955.00,4.01,70,pending,,
5e31ea44-f6ff-413a-9766-d4a632b049ce,Particularly member summer. Artist too whose a nice. Body executive all it opportunity personal. Image itself deep community cause new.,"BSc, MSc","[""OL_ENG""]",RAJ-01,physical,2715.00,3.74,294,pending,,
8e847aaa-5f2d-4ca7-be39-eebcbfb7c9f6,Child young prove care author administration. Price window career case south team throw. Us perhaps lawyer interest star his difficult interesting.,"BSc, MEd","[""OTHER_MUS""]",CMB-05,online,7771.00,4.28,283,approved,d93f0921-bcd2-4590-a837-891078d08fe8,2025-04-16T23:38:24Z
baf7741e-1064-4089-993d-47d8b1a5291a,Marriage room Republican especially unit office almost.,"MEd, BEd","[""OL_ICT"", ""OL_ENG""]",CMB-07,hybrid,2584.00,4.67,263,pending,,
2edb2ff7-eb6a-4cc8-a5d3-c044c356f460,Low happy oil which bag room money.,"BSc, Chartered, PhD","[""AL_BIO"", ""OTHER_MUS"", ""OL_SCI""]",CMB-10,hybrid,2475.00,4.74,172,pending,,
64bcfd89-5623-48ea-b442-55f08ab450d3,Might model particular early piece professional protect. Something fine apply gas sing light mention.,"BSc, MSc, Chartered","[""OL_ENG"", ""AL_ACC"", ""AL_BIO""]",BAT-01,hybrid,6667.00,4.35,230,approved,4695ed77-96b5-4555-a18d-6c14311baf8c,2025-04-20T04:08:25Z
38de7aaa-d911-4e8c-9087-e432859976e9,Safe inside whether sometimes eye along type. Risk nor article list college. Prevent factor say.,"PGDip, PhD","[""OL_SIN""]",NUG-01,physical,5215.00,3.3,194,approved,9e522624-1f97-4302-9465-85b04a9b0e81,2025-06-15T08:47:11Z
bb56e9f9-63f7-4cf7-bc01-6f689d322078,Machine camera baby six edge.,"Chartered, MSc","[""OL_ICT"", ""AL_MATH""]",CMB-03,physical,5802.00,3.77,296,pending,,
e7c87fc7-22cd-486a-be24-10f99a0e93bf,Every either scientist page travel. Process have compare site. Machine son television garden base. Other start study sell.,"MSc, BSc","[""OL_ICT""]",CMB-06,online,7518.00,3.58,107,approved,9e522624-1f97-4302-9465-85b04a9b0e81,2025-06-28T23:38:32Z
22c9f1f6-5e4b-4600-8b98-9b2d31d6e8fa,Draw key point decision same generation. Sense break cold human feeling. Do raise hope enjoy most itself eye.,"MSc, BSc","[""AL_ECON""]",DEH-01,online,5095.00,4.71,114,approved,54d74db3-6d7a-4c4d-98a8-6abbda4ba1b6,2025-04-09T02:37:50Z
0e235dd7-a63c-498e-b95d-25a9cf401417,Question which raise American truth PM. Particular present evening establish sort effort. Hospital significant see same open crime front real.,PGDip,"[""AL_CHEM"", ""OTHER_ART"", ""OL_SIN""]",CMB-08,physical,5667.00,2.57,86,pending,,
de823553-5fa4-4a99-b034-847cc525c8ea,Natural pull story activity best billion. Goal rise edge alone people arm order.,"Chartered, BSc, PGDip","[""OL_SCI"", ""AL_ACC""]",CMB-01,online,3808.00,3.57,292,approved,f08a689e-ac96-4a02-becc-822cfa936905,2025-08-22T03:42:31Z
cbc2a868-c88a-45ae-9ec0-99667c3a1c2b,Point remain build task candidate prevent tonight not. To receive education level.,MEd,"[""AL_ACC""]",RAJ-01,online,2211.00,4.98,70,approved,d93f0921-bcd2-4590-a837-891078d08fe8,2025-07-14T06:26:45Z
b5f2ee03-d29c-4511-bd97-e7f8c7de3e5f,Two everybody interview tough show food class. Everyone artist home you.,"BSc, MEd","[""AL_ACC"", ""OL_ICT"", ""OL_MATH""]",CMB-04,online,5653.00,3.19,171,approved,9e522624-1f97-4302-9465-85b04a9b0e81,2025-03-27T16:04:50Z
b6496831-7b0d-4c72-a3a6-8d945375cb21,Concern attorney woman customer hotel. Board music issue pass blood kid else.,"Chartered, MSc","[""AL_BIO""]",MAH-01,online,6072.00,4.59,338,approved,d93f0921-bcd2-4590-a837-891078d08fe8,2025-06-02T09:36:28Z
8e0c90e2-f720-4f32-bed4-1697e02839a0,Audience road since affect.,BEd,"[""AL_ECON""]",CMB-08,online,2740.00,4.53,248,approved,54d74db3-6d7a-4c4d-98a8-6abbda4ba1b6,2025-04-19T01:54:56Z
a9da61fd-70f6-4476-b506-8a81d97384c4,Present a also hospital. Record toward off middle. Long identify road speech audience difficult his.,"PGDip, MEd, BEd","[""AL_ACC"", ""OL_TAM""]",CMB-08,online,2051.00,3.89,251,approved,f08a689e-ac96-4a02-becc-822cfa936905,2025-03-13T23:17:12Z
73bc15f8-8c5e-425e-9c52-f39fb776cca5,Note various grow radio. Area young positive half table future. Set face data never whose produce federal.,"Chartered, MEd","[""AL_ECON"", ""AL_PHY""]",CMB-10,physical,5466.00,4.14,271,approved,54d74db3-6d7a-4c4d-98a8-6abbda4ba1b6,2025-05-27T22:55:42Z
432d43d6-459d-4c5f-9a9d-ca9290c7ff42,Piece grow be plan. Cause cover rest or majority. Society poor matter who.,"PGDip, BSc, MSc","[""OL_ICT"", ""OL_SIN""]",KOT-01,physical,5951.00,3.24,246,approved,54d74db3-6d7a-4c4d-98a8-6abbda4ba1b6,2025-08-08T20:25:32Z
81bf7b5d-3860-4aaf-aa6b-60353621e276,Already argue skin. If deep president. Learn question them chance often under already.,"MSc, BSc, PhD","[""AL_BIO"", ""AL_MATH""]",BAT-01,hybrid,6911.00,3.37,58,approved,f08a689e-ac96-4a02-becc-822cfa936905,2025-09-02T18:17:51Z
8af04df7-bca9-4db1-bf91-e0f3241411c7,President likely truth animal red candidate common. Toward star best.,"PGDip, Chartered","[""AL_ECON"", ""OL_ICT""]",CMB-11,physical,7912.00,2.65,209,pending,,
ac995a0a-0be2-4bb2-aa78-5d3c26974df3,Structure ask stage box. Sometimes determine source international specific word question food. National focus who degree animal community as. Center indeed recent network just.,"MSc, BEd, Chartered","[""AL_MATH"", ""OL_SIN""]",RAJ-01,online,1947.00,3.71,137,approved,d93f0921-bcd2-4590-a837-891078d08fe8,2025-06-26T17:03:12Z
925db68d-b37b-444c-a8bd-e9ea0d5e1c3d,Card social place. Sing administration main according conference become. Thought indicate southern significant realize deal policy mission. Dream company reality other response partner.,"PhD, Chartered, BEd","[""OL_SCI"", ""OTHER_ART""]",CMB-05,hybrid,6524.00,3.32,312,approved,d93f0921-bcd2-4590-a837-891078d08fe8,2025-03-07T02:21:25Z
7c2c4ad2-4295-4528-8a54-f782b998dc9a,Step feeling industry newspaper court worry with peace. Medical less phone decade apply both chance.,"PhD, PGDip","[""OL_SIN"", ""OL_TAM"", ""OL_ENG""]",CMB-04,physical,5748.00,3.41,107,approved,f08a689e-ac96-4a02-becc-822cfa936905,2025-07-30T12:05:52Z
2c160983-844b-4235-ae98-0986470864b8,Computer prove amount population expect itself free. Analysis science understand compare size machine break. Return or for cup quality.,MSc,"[""AL_MATH"", ""OTHER_ART"", ""AL_PHY""]",CMB-08,physical,3537.00,2.59,6,approved,9e522624-1f97-4302-9465-85b04a9b0e81,2025-04-07T17:05:17Z
edcbae1b-c1e4-498e-99e8-70a43a312405,Single for better scene thank. Through available one approach job democratic. Lawyer hold carry rest place wish dark camera.,Chartered,"[""AL_ECON"", ""AL_MATH""]",DEH-01,online,3384.00,4.43,323,approved,54d74db3-6d7a-4c4d-98a8-6abbda4ba1b6,2025-04-15T21:57:37Z
84fac3af-885f-4fe4-820a-7f1c1fadf3bf,Exactly book letter industry. Detail far church some well town. Wife talk beat tax majority yet option.,"BEd, MSc, BSc","[""AL_ACC""]",CMB-11,hybrid,2126.00,3.76,37,approved,4695ed77-96b5-4555-a18d-6c14311baf8c,2025-03-06T17:22:35Z
c8c13e7a-5b7b-4aca-a6bf-5f3717f079a0,Address into their easy its. Through option chance off above. Always likely shoulder.,PhD,"[""AL_PHY"", ""OL_SIN""]",KOT-01,online,6461.00,4.46,159,approved,d93f0921-bcd2-4590-a837-891078d08fe8,2025-06-24T05:48:18Z
b2f06be3-fd12-4200-b55d-68f2ce505b6d,Most look something start laugh drive.,"MSc, PGDip, BSc","[""AL_ACC"", ""AL_CHEM""]",MAL-01,online,5018.00,3.06,47,approved,54d74db3-6d7a-4c4d-98a8-6abbda4ba1b6,2025-09-02T14:40:11Z
df7fb23d-0651-4143-9051-b0de42f80e3d,Really image design. Fast positive before look fight reflect. Section agency lawyer sign them if smile.,"PhD, PGDip","[""OTHER_ART"", ""OL_SIN""]",MAL-01,hybrid,4553.00,4.29,279,approved,9e522624-1f97-4302-9465-85b04a9b0e81,2025-03-08T13:32:05Z
c634eb7d-186d-47e7-92b0-d2bcc8d308b4,Less plant team audience throw four allow international. Recently partner offer debate range. Thing save area war push thousand book half.,"BEd, MSc","[""OTHER_MUS""]",CMB-05,physical,4223.00,4.52,73,rejected,d93f0921-bcd2-4590-a837-891078d08fe8,2025-05-03T15:06:12Z
4f0b062a-fcff-452a-94f9-5ce3ccf97289,Half compare next. Night similar catch friend. Box long voice oil where decide seat. Fly today me institution approach.,"PhD, PGDip","[""OL_MATH""]",CMB-04,online,6550.00,3.81,242,pending,,
73786ab1-3a9d-45c0-a82a-2cbac08535b2,Laugh may stop like mother stay. Later happy pull really within. Could this beautiful hospital.,"Chartered, PGDip, BEd","[""AL_ACC"", ""OL_SIN""]",DEH-01,hybrid,2733.00,3.3,18,approved,4695ed77-96b5-4555-a18d-6c14311baf8c,2025-03-01T01:27:30Z
870776b4-560a-4893-b7ba-df67a3d424ef,When baby clearly born challenge. Themselves minute physical fall.,"BSc, PGDip, MSc","[""AL_MATH""]",MAL-01,online,6841.00,3.3,120,approved,9e522624-1f97-4302-9465-85b04a9b0e81,2025-03-30T12:32:54Z
40224c4f-2328-4e79-a214-742e8e4bf6ca,Listen information scene again. As the discussion water popular. Official pretty skin main program morning.,"Chartered, BEd, PGDip","[""AL_PHY"", ""OL_ENG""]",CMB-01,online,7628.00,2.92,62,approved,d93f0921-bcd2-4590-a837-891078d08fe8,2025-03-14T01:36:34Z
afe0d023-14b8-4df0-805c-645222046ec9,Leader note together fill smile dinner. Wife show another good lay coach. Republican expect win stuff.,"BEd, PhD","[""AL_ECON"", ""OL_TAM"", ""AL_CHEM""]",CMB-06,hybrid,5981.00,3.5,214,approved,4695ed77-96b5-4555-a18d-6c14311baf8c,2025-06-21T03:53:20Z
011d7c91-601c-490b-8746-3add2378fa9f,Draw American first call. Hard day religious program within.,"MEd, Chartered","[""AL_PHY"", ""OL_SIN""]",CMB-07,online,5786.00,3.01,350,approved,54d74db3-6d7a-4c4d-98a8-6abbda4ba1b6,2025-06-04T11:14:47Z
3c64a710-eae8-444c-995f-861e3ed4e74d,Large wish move building agent use. Way until choose wife.,"MEd, MSc","[""OL_MATH""]",CMB-06,online,7357.00,2.52,242,approved,f08a689e-ac96-4a02-becc-822cfa936905,2025-08-28T14:50:33Z
97dae2e7-5e47-4b8c-ae37-7bf827c16986,Former relate listen face want wonder off. Son rock two full. Rule too cause nearly.,"BEd, MSc, PhD","[""OL_ICT""]",CMB-08,physical,5905.00,3.33,234,approved,4695ed77-96b5-4555-a18d-6c14311baf8c,2025-04-28T15:46:25Z
ad6e7087-390e-4649-91ae-68252dbbe96f,Husband subject land. For part crime money.,"Chartered, PGDip, PhD","[""AL_ACC"", ""OL_TAM"", ""OL_ICT""]",CMB-01,hybrid,3749.00,4.55,145,pending,,
6e2c8b16-7257-410a-a87c-e657d1a0d3a1,Against Mrs knowledge public beautiful. Hour make owner memory argue project huge.,"BSc, MSc, BEd","[""OL_TAM""]",HOM-01,physical,6901.00,2.69,103,approved,f08a689e-ac96-4a02-becc-822cfa936905,2025-06-15T15:10:48Z
68f484d0-9ee0-4249-9556-ec0dad34f39c,History activity general final knowledge night. Road know yeah sound eye. Rock increase structure our century field.,Chartered,"[""OL_ENG""]",KOT-01,online,7824.00,4.01,303,rejected,9e522624-1f97-4302-9465-85b04a9b0e81,2025-08-29T17:59:50Z
ca4d7fa2-1612-4817-ac7b-3460cdef14a5,At whether series because important trial. Company left nothing trip current strategy. Network amount step strong fight.,BEd,"[""OL_MATH""]",CMB-10,hybrid,2248.00,2.87,314,approved,d93f0921-bcd2-4590-a837-891078d08fe8,2025-07-02T11:15:11Z
d848e5b3-1cfa-4b5b-9f44-6356df1bee6d,Different social child feel policy PM buy. Individual man reach each budget. Manage wife out gun lose.,"PGDip, Chartered","[""AL_CHEM""]",BAT-01,online,5364.00,3.26,167,pending,,
3eb9f682-437d-4ca0-b577-8325b0460e6f,Physical live reason build mention. Adult employee ok certainly leave really group. Evening information treatment.,"Chartered, PhD, MSc","[""OL_ENG""]",MAL-01,online,5776.00,3.83,162,pending,,
cbb3c9cb-7603-42d0-a675-89b992331bcd,Face morning view. Create physical share out cold follow first. Even recently guy move goal.,"Chartered, PGDip","[""OL_MATH""]",RAJ-01,physical,5514.00,4.21,128,approved,4695ed77-96b5-4555-a18d-6c14311baf8c,2025-07-12T02:48:11Z
764dfde0-6c7b-4994-8fad-0357f0de81e9,Carry example single. Future treat bill choice determine could.,MSc,"[""OL_ENG"", ""AL_ACC""]",NUG-01,hybrid,3251.00,3.9,315,rejected,f08a689e-ac96-4a02-becc-822cfa936905,2025-07-25T10:17:14Z
3c85e934-873c-4b47-8c88-80c1605250e9,Ready weight suffer Republican reduce sort individual trouble. Standard type look find. Catch kind would mission wide common.,MEd,"[""OL_MATH"", ""AL_BIO"", ""OL_TAM""]",BAT-01,online,3096.00,3.97,2,approved,54d74db3-6d7a-4c4d-98a8-6abbda4ba1b6,2025-06-05T10:44:36Z
9fdf7a9f-0f24-4e60-b2eb-27f61255fce6,Season budget campaign. Read film decide wonder.,"BEd, MEd","[""OTHER_MUS"", ""OL_MATH"", ""AL_ACC""]",CMB-11,physical,4762.00,4.99,22,approved,54d74db3-6d7a-4c4d-98a8-6abbda4ba1b6,2025-03-21T02:55:12Z
68e88b5e-9210-4120-95fe-2c504c9b1a7e,Back simple serious amount. Allow process or light. Analysis feeling act benefit buy.,BEd,"[""OL_ICT""]",BAT-01,online,5378.00,4.38,331,pending,,
b3265fb2-5348-41d8-9199-0aaae300812e,Onto customer provide ahead certainly. We girl civil may rock. Measure attention standard shake more. Who commercial senior above rise.,"MEd, Chartered","[""OL_MATH""]",CMB-06,hybrid,2949.00,2.71,67,pending,,
85d6c5dd-7047-4f37-ae35-2d97607f7e08,Surface listen recently continue pull blue strong. Interest method imagine seven fire letter.,"MEd, MSc","[""OTHER_MUS"", ""AL_ECON""]",CMB-03,online,5957.00,4.96,142,approved,9e522624-1f97-4302-9465-85b04a9b0e81,2025-03-05T08:56:34Z
8c74329e-cddc-4941-aacc-2fb1f327b77f,Many guess explain reveal. Foreign break exist outside. Reach subject difficult imagine world.,"MSc, MEd, PhD","[""OTHER_MUS""]",NUG-01,physical,6943.00,3.54,206,approved,d93f0921-bcd2-4590-a837-891078d08fe8,2025-03-24T02:56:57Z
fb4db769-99eb-4cb7-a881-9cf6f92ef30b,Task thus sort voice happen. Your man black. Mission put budget house reason within.,"BEd, PhD","[""AL_ACC"", ""OL_MATH"", ""OL_TAM""]",CMB-04,online,1864.00,4.02,141,approved,4695ed77-96b5-4555-a18d-6c14311baf8c,2025-05-05T01:42:23Z
8b318fa1-103a-44c1-a075-8978885aa6c5,Hair current customer such. But study rise everything require old.,MSc,"[""AL_ACC""]",CMB-05,online,6154.00,3.92,44,approved,d93f0921-bcd2-4590-a837-891078d08fe8,2025-04-03T01:37:20Z
8854704c-17d9-4461-9835-d95a940709cf,Green project wear would memory challenge. Blue economy market pick care between apply.,PhD,"[""AL_ACC""]",MTL-01,physical,1664.00,4.47,86,approved,54d74db3-6d7a-4c4d-98a8-6abbda4ba1b6,2025-08-24T16:17:25Z
834d0784-03ea-4aab-8506-b5ffd89e622d,Question will him quickly check perform benefit. Produce mind man letter.,"PGDip, MSc","[""OL_ENG"", ""AL_BIO""]",CMB-08,hybrid,7546.00,3.28,67,approved,54d74db3-6d7a-4c4d-98a8-6abbda4ba1b6,2025-05-07T00:38:37Z
b6ce1be5-2d64-4538-b43c-e48bc2853afe,Make energy gas teacher national weight all. They budget late table kind along.,"BEd, PhD","[""AL_PHY""]",CMB-08,online,3132.00,4.95,90,approved,4695ed77-96b5-4555-a18d-6c14311baf8c,2025-06-09T15:15:55Z
350547e1-e9bc-49e1-b57e-ec2de3d892d8,Process single those clearly issue fine home. Notice make network much.,"MSc, MEd, PGDip","[""AL_MATH"", ""OL_ENG"", ""AL_CHEM""]",NUG-01,hybrid,5784.00,4.57,230,approved,f08a689e-ac96-4a02-becc-822cfa936905,2025-03-13T03:53:03Z
017d8c3d-b9aa-4097-a257-529672d66cfb,No choose argue enjoy opportunity help put. Fly agreement and student give. Agree through game best generation group goal product.,PhD,"[""AL_CHEM""]",NUG-01,physical,7087.00,3.02,147,approved,9e522624-1f97-4302-9465-85b04a9b0e81,2025-06-11T08:19:21Z
f1223440-d568-46ad-b2ab-fd2b0199cca8,Possible or travel assume figure. College Mrs also price institution method.,"BEd, PGDip","[""AL_BIO"", ""OL_ICT""]",CMB-08,online,1757.00,3.79,59,approved,4695ed77-96b5-4555-a18d-6c14311baf8c,2025-04-22T04:41:55Z
4e4f0feb-e75e-4800-9160-d6dd520f26cf,After like against first now. Occur space beyond push from me. Coach federal wide cut player wind.,"PhD, Chartered","[""AL_MATH""]",CMB-03,online,2356.00,3.4,322,pending,,
7699a03e-9bef-44ab-a476-d886f9b64244,Degree enter father of source person when. Behind front attack song little decide somebody prepare.,"PGDip, MEd, Chartered","[""AL_PHY"", ""AL_BIO"", ""OTHER_ART""]",CMB-05,online,4432.00,2.91,156,approved,d93f0921-bcd2-4590-a837-891078d08fe8,2025-08-16T09:23:00Z
97da5916-30ed-4e39-9c4b-1a64769ce5f1,Sound item music customer I person law. Congress affect reflect television officer defense while.,"BSc, PGDip, MEd","[""OL_SIN""]",MAL-01,hybrid,3569.00,4.0,191,approved,4695ed77-96b5-4555-a18d-6c14311baf8c,2025-06-23T11:20:37Z
5811ffe0-2d91-4a6a-9c56-c8bc609f6395,View mouth pass shoulder its. Risk art customer leg drive second she. Improve team treat plant suffer environment.,"PhD, BSc, MEd","[""OTHER_ART"", ""OL_ENG"", ""OTHER_MUS""]",CMB-11,hybrid,4782.00,2.57,303,approved,54d74db3-6d7a-4c4d-98a8-6abbda4ba1b6,2025-05-14T23:19:37Z
16bd759a-9636-4cca-9e48-f634c5f43c3a,Either over image box. Agree someone financial magazine yard.,"PhD, BSc","[""OL_ENG""]",DEH-01,hybrid,2658.00,3.65,177,approved,d93f0921-bcd2-4590-a837-891078d08fe8,2025-04-25T04:14:30Z
d83def29-aced-48d6-8983-65827a15cbe0,Dark evening ahead. Probably compare system white magazine. Area to finish.,PhD,"[""AL_PHY""]",CMB-07,online,3165.00,2.73,223,approved,9e522624-1f97-4302-9465-85b04a9b0e81,2025-07-22T05:51:41Z
dc6469a7-c727-45c4-a468-20a5003d8d07,Too imagine guy price. However style successful door.,Chartered,"[""AL_MATH"", ""AL_PHY"", ""AL_ACC""]",CMB-05,online,7126.00,4.25,201,pending,,
b58e8abf-3cf9-4436-a7b4-09e81ad37216,Usually miss stock wear use edge this. Outside significant finish strategy say. Very design blood degree ever.,"PGDip, MEd","[""AL_MATH"", ""AL_CHEM"", ""OL_SCI""]",CMB-05,online,4107.00,3.5,68,approved,54d74db3-6d7a-4c4d-98a8-6abbda4ba1b6,2025-08-10T19:00:51Z
dddd3067-ce68-4043-a1c0-52122dd8d8e6,Television argue mouth record both. Interest radio white these view guy resource. Again whom paper success production.,"Chartered, PGDip, BSc","[""AL_BIO""]",CMB-01,online,6485.00,4.42,91,approved,54d74db3-6d7a-4c4d-98a8-6abbda4ba1b6,2025-09-09T15:26:01Z
177feb0e-4049-4953-96a3-3e7d8dafc217,Education his police red total.,"PhD, PGDip","[""OL_ENG"", ""AL_MATH"", ""OTHER_MUS""]",CMB-10,online,3039.00,3.03,22,approved,54d74db3-6d7a-4c4d-98a8-6abbda4ba1b6,2025-07-26T01:17:07Z
8948274c-f863-4e05-a678-908e6ffe41cb,Term tax home travel hotel within eight. View series father teacher.,"MEd, BSc, PGDip","[""OL_ICT""]",MAL-01,online,4954.00,2.91,91,approved,d93f0921-bcd2-4590-a837-891078d08fe8,2025-08-26T10:55:10Z
7b71769f-607f-44c6-87a6-4106ca3905a1,Place these short image almost term. Likely include subject response theory star station.,PhD,"[""AL_ECON"", ""AL_MATH"", ""OTHER_ART""]",CMB-01,online,2554.00,3.77,294,approved,d93f0921-bcd2-4590-a837-891078d08fe8,2025-09-03T16:40:23Z
1bb1de7c-addd-4701-af20-33661adf8a4d,At inside role natural force receive seven. Picture social carry husband.,"MEd, PhD","[""AL_CHEM"", ""OL_ICT""]",RAJ-01,online,6694.00,4.01,59,pending,,
faf1f1d8-550e-44a7-99f2-d9feb44c250b,Finish bank citizen might wide. Suggest rate society floor. Them card community or foreign example base. Consider then war this difference way.,"MEd, BEd","[""OL_MATH""]",HOM-01,hybrid,2414.00,4.95,91,approved,4695ed77-96b5-4555-a18d-6c14311baf8c,2025-03-29T23:15:53Z
40b4fa09-c43e-46cb-9bf9-f6d7cb91b476,Phone trade wind cup red collection husband investment. Chance when color note add. Itself turn law purpose budget require course.,BEd,"[""AL_PHY"", ""OL_ICT""]",CMB-11,online,6534.00,3.59,232,approved,d93f0921-bcd2-4590-a837-891078d08fe8,2025-04-15T02:28:02Z
0c514060-78b9-4f45-883f-ca2f6065ad8b,Second high issue deal democratic. Risk country Congress society agreement.,"PGDip, BSc","[""OL_TAM"", ""OL_ENG"", ""OTHER_MUS""]",NUG-01,online,4264.00,3.24,345,pending,,
712eb715-f151-42b0-b511-8e9784c4cbc5,Pay traditional hard range leader. Light the window.,BEd,"[""OL_ENG""]",BAT-01,online,6709.00,3.99,18,approved,d93f0921-bcd2-4590-a837-891078d08fe8,2025-07-30T18:30:47Z
513ef819-637e-4d2d-97d1-1e2a911bef38,Require remain save eight believe. Appear use likely great. Vote whose our security animal effect people few.,"MSc, MEd, BEd","[""AL_PHY"", ""AL_ACC""]",CMB-05,online,2684.00,3.73,324,pending,,
0ffa143e-9f93-40db-acaa-0a362559f4ab,Car throughout American conference college manage. There car fish most center bring. Without material wind.,"MEd, PhD, PGDip","[""AL_ACC"", ""OL_SCI"", ""OL_ICT""]",BAT-01,online,4175.00,2.6,190,approved,d93f0921-bcd2-4590-a837-891078d08fe8,2025-07-25T05:12:46Z
914654b0-826a-42c2-9516-58f21e411972,Unit executive theory party seven enough. Job close say man wear new.,BEd,"[""OTHER_ART""]",KOT-01,online,7617.00,4.3,131,approved,d93f0921-bcd2-4590-a837-891078d08fe8,2025-08-14T05:26:07Z
b8bb9d08-18bc-4078-8f51-5795ff1065dd,Country approach consumer. Employee relationship job yet until American ground. Magazine manage suffer term buy behavior test.,"PGDip, MSc, Chartered","[""OTHER_ART"", ""OL_MATH"", ""OL_ICT""]",CMB-11,hybrid,6542.00,3.85,263,pending,,
48ac07a9-ed25-4968-a328-9aed94c32307,Seek state none production. On will moment number indicate.,"PhD, BSc","[""AL_ECON""]",CMB-11,hybrid,7875.00,3.19,95,approved,9e522624-1f97-4302-9465-85b04a9b0e81,2025-07-31T17:24:19Z
3fca4634-7d90-4510-8856-b33dfed7b611,Should quality thought ago race. Hour opportunity week student.,BSc,"[""OL_SIN""]",RAJ-01,online,7906.00,4.14,212,approved,4695ed77-96b5-4555-a18d-6c14311baf8c,2025-06-30T10:59:10Z
c12b4fd9-4689-4826-8142-1abc3a446a48,Ball store process. Pick especially price forget analysis performance laugh.,"PGDip, BEd","[""AL_BIO"", ""OL_ICT"", ""AL_CHEM""]",MTL-01,online,6508.00,4.32,147,approved,4695ed77-96b5-4555-a18d-6c14311baf8c,2025-08-09T07:20:16Z
d5021962-995f-4694-9148-9daa1f921ac8,Deep any poor follow. Season natural own begin. Concern whole tend become system.,"PhD, PGDip","[""AL_ACC"", ""OL_ENG"", ""AL_ECON""]",CMB-01,online,4118.00,4.56,177,approved,4695ed77-96b5-4555-a18d-6c14311baf8c,2025-05-19T16:48:31Z
e0707ea2-ada7-4654-acb4-5d43215bd3e1,Single expect sell pressure building make. Save TV tough page grow benefit.,"PhD, Chartered, MEd","[""AL_ACC""]",CMB-03,physical,6180.00,4.08,40,approved,54d74db3-6d7a-4c4d-98a8-6abbda4ba1b6,2025-03-31T03:59:57Z
73d783e2-d6a0-4dac-a721-a924a198ecdf,Customer knowledge hold environmental outside bed institution. Pass its international American game less. Positive require us money positive.,"BEd, MEd","[""AL_MATH"", ""OTHER_MUS"", ""OL_MATH""]",MTL-01,online,5328.00,2.89,15,approved,9e522624-1f97-4302-9465-85b04a9b0e81,2025-07-13T10:55:16Z
c12eb687-f876-4db6-be69-2ba79d5e3711,Life bad soon feel worker. Success mission far answer baby.,BEd,"[""OL_SIN"", ""OTHER_MUS""]",MAL-01,hybrid,4574.00,2.83,275,approved,d93f0921-bcd2-4590-a837-891078d08fe8,2025-04-05T13:26:35Z
d4ccfa46-2a36-428d-85b4-fb7f48a8c3dc,Blue interesting behind produce nothing effect effort.,"BSc, MEd, PhD","[""OL_TAM"", ""OL_ICT"", ""OTHER_ART""]",DEH-01,online,2803.00,3.88,205,approved,f08a689e-ac96-4a02-becc-822cfa936905,2025-08-08T07:14:45Z
9492e470-5540-43f7-99ae-d341264ac713,Administration scientist leg skill successful and indicate. Finish right serious last space.,"PhD, BSc","[""OL_ENG"", ""OTHER_MUS""]",MAH-01,physical,4712.00,4.65,115,approved,4695ed77-96b5-4555-a18d-6c14311baf8c,2025-06-18T01:52:50Z
a0a119ab-407c-4289-91c8-bea00ac06305,Decision back word else. Its adult house actually. Least if price season rise field spend.,"MSc, MEd","[""AL_ECON"", ""AL_MATH"", ""OTHER_ART""]",HOM-01,hybrid,7749.00,4.14,237,approved,d93f0921-bcd2-4590-a837-891078d08fe8,2025-07-25T18:38:19Z
e1240dbc-3e3e-49aa-b70d-589f45641614,Real white push source because career. Born administration wife teacher decide. Power job personal so. Beat show challenge instead bring.,"MSc, Chartered, BEd","[""OL_ICT""]",CMB-01,physical,2635.00,4.05,312,rejected,9e522624-1f97-4302-9465-85b04a9b0e81,2025-08-04T15:35:14Z
ccda947d-4424-4a8f-8162-1c9e0b694bdf,White likely teacher one cut notice. Anything account piece require woman support.,Chartered,"[""AL_MATH"", ""AL_CHEM"", ""OTHER_ART""]",MAL-01,physical,4533.00,4.36,11,pending,,
50eb5f92-1fb8-4280-9ddc-0914c8685292,Room yourself already hundred message right very toward. Discussion art affect office network environmental possible. Bring performance position large job claim risk. Gas discussion detail training fund own successful.,PhD,"[""OL_ICT""]",CMB-07,online,7423.00,2.94,122,pending,,
a4252bfa-f169-4ed9-9fda-4817eb1d2008,Third rich hospital indicate. Somebody son suddenly perform executive see. Can current paper beyond indeed year field.,PGDip,"[""OTHER_ART""]",CMB-04,hybrid,3195.00,3.65,295,approved,9e522624-1f97-4302-9465-85b04a9b0e81,2025-08-18T04:40:23Z
5ce3ee2f-3d11-4f76-8668-56d2eb6eb2a2,Another adult thing ground city still thus. Southern front box.,"BSc, Chartered, MEd","[""AL_PHY""]",MAH-01,physical,6448.00,4.68,169,pending,,
fd59a461-c7ea-432a-b390-4eb924268613,No main year size. Show news to.,"MEd, BSc, PGDip","[""OTHER_ART"", ""AL_BIO"", ""AL_ECON""]",RAJ-01,hybrid,5351.00,2.68,197,approved,54d74db3-6d7a-4c4d-98a8-6abbda4ba1b6,2025-04-14T21:09:34Z
44554f0d-4cab-45ef-acfd-b1df10ee34f9,Prove relationship unit just lead success book black. Participant teach big none medical cold brother day. Church factor kid media run between.,"MEd, BEd","[""OTHER_ART"", ""OL_MATH"", ""OL_ICT""]",MAL-01,hybrid,1989.00,4.53,149,pending,,
7807e966-d47f-4f48-901c-19682c5a3725,Standard but dark wide shoulder according. Game measure be head senior guess professor. Send morning skin case.,"PhD, MSc, MEd","[""OL_ENG"", ""OL_ICT"", ""AL_MATH""]",BAT-01,online,2516.00,2.86,53,approved,9e522624-1f97-4302-9465-85b04a9b0e81,2025-04-11T07:25:32Z
a88fb5bf-4a2f-43fc-97f3-1c6e5107fd8a,Truth together weight might radio want. Certainly act south want be fire. Its hotel also two.,"PGDip, PhD, Chartered","[""OL_ICT"", ""OL_TAM""]",MAL-01,online,2295.00,4.11,168,approved,4695ed77-96b5-4555-a18d-6c14311baf8c,2025-06-01T22:33:36Z
14ca1f44-2c3c-4734-9682-e44819dae09a,Around place require produce mind fast I. Them return finish general still too particular.,"PhD, MEd, Chartered","[""OL_ICT""]",CMB-11,physical,6369.00,4.4,18,approved,54d74db3-6d7a-4c4d-98a8-6abbda4ba1b6,2025-03-08T23:18:31Z
8ecfcbfa-07c7-4e7b-9375-ae2a25020d71,Land day name small present recently. Simple thing base Mr hope rest.,"MSc, Chartered, BEd","[""AL_ACC""]",DEH-01,hybrid,2796.00,4.08,290,approved,4695ed77-96b5-4555-a18d-6c14311baf8c,2025-06-21T10:00:11Z
2920d708-668f-433b-aabd-4c5da2ee4fb1,Yeah exist behavior necessary miss serious civil. Three music else.,PhD,"[""OL_TAM"", ""OL_ENG"", ""AL_BIO""]",DEH-01,hybrid,3607.00,3.07,326,pending,,
8c9151c2-e357-44df-89b7-c0da11b87c94,Would book art health phone great. Series walk large.,"BEd, PhD","[""OL_ENG"", ""AL_BIO"", ""AL_CHEM""]",NUG-01,hybrid,7606.00,3.51,264,approved,f08a689e-ac96-4a02-becc-822cfa936905,2025-07-10T13:49:42Z
2b90f44d-05ec-4eda-bcf9-f58051ac2b9f,Law work south. Not thus physical mouth other go expect size. Public research mind easy foreign old state.,PhD,"[""OL_MATH"", ""AL_ECON""]",KOT-01,hybrid,5475.00,2.92,331,approved,f08a689e-ac96-4a02-becc-822cfa936905,2025-09-02T20:43:05Z
69cbb173-d70d-41dd-bfe5-24273e55d2ee,Better Republican stock bank artist thousand live. Back quality idea next single the once. You ready way rule indicate clear.,PhD,"[""AL_ECON""]",CMB-10,online,3337.00,3.2,76,pending,,
3fef710c-5bab-4d60-954a-56bb30774918,Machine leader whose message. Brother defense list second want hard weight. System book hard face mission brother figure hear.,"MEd, BSc","[""OL_SIN"", ""AL_ACC"", ""OTHER_MUS""]",MAL-01,online,6731.00,4.6,6,pending,,
0323d8e7-e904-40fe-84b8-e30efc74c984,Agreement central six instead view figure exist. Standard major business give.,"BEd, MSc, MEd","[""AL_PHY""]",KOT-01,physical,4199.00,2.67,259,approved,9e522624-1f97-4302-9465-85b04a9b0e81,2025-03-29T18:01:41Z
3d8039a5-9bce-46d3-a2d3-190fef3ce369,Loss finally laugh full help strong.,"BEd, PhD","[""AL_BIO""]",CMB-11,hybrid,2996.00,4.64,333,approved,4695ed77-96b5-4555-a18d-6c14311baf8c,2025-05-06T19:17:58Z
5e3975ae-45ac-48d7-8113-1f5283c6b943,Seven measure leave last. Chance road become person perhaps hold too. Must when three save position tend. Occur someone religious.,BEd,"[""OL_SIN""]",CMB-04,hybrid,7507.00,4.77,32,approved,54d74db3-6d7a-4c4d-98a8-6abbda4ba1b6,2025-03-22T12:49:47Z
c1d0a447-7b70-4253-9820-a4cc500a3b7e,Popular be western my. Whatever miss seek. To build view conference affect skill early.,PGDip,"[""AL_PHY""]",MAL-01,online,5898.00,3.3,26,approved,f08a689e-ac96-4a02-becc-822cfa936905,2025-08-31T15:35:45Z
fc171210-3afe-4233-a8ca-2fd5257047a7,Be move fly open man value. Join increase teacher fish either boy. My experience consumer shoulder. Fill imagine college pass.,"Chartered, MEd","[""AL_ACC""]",CMB-08,online,6328.00,4.0,110,approved,d93f0921-bcd2-4590-a837-891078d08fe8,2025-08-12T19:08:19Z
